customer_id,first_name,city
CUST1,Angela,New Marthaside
CUST2,Cheryl,New Andrew
CUST3,Michelle,North Brittany
CUST4,David,Ashleyport
CUST5,Edward,Aliciaport
CUST6,Robert,East Petershire
CUST7,Hannah,South Justinside
CUST8,Jennifer,Lake Kathleenshire
CUST9,Robert,Port Billy
CUST10,Kyle,East Michaeltown
CUST11,Shelby,Port Michellebury
CUST12,Madison,Vargasside
CUST13,Amanda,South Melissa
CUST14,Brenda,New Vanessaberg
CUST15,Linda,Port Yvonne
CUST16,Zachary,Marioborough
CUST17,Sandra,West Kerri
CUST18,Cynthia,Adamville
CUST19,Peter,Chavezstad
CUST20,Jeremiah,Cooperchester
CUST21,Antonio,West Elizabeth
CUST22,Jose,Cowanville
CUST23,Patricia,West Adrian
CUST24,Walter,Blanchardside
CUST25,Daniel,North Bryan
CUST26,Tanya,Loriland
CUST27,Gregory,South Alexandraburgh
CUST28,Patricia,East Michaelstad
CUST29,Gregory,Dennischester
CUST30,Johnny,South Davidborough
CUST31,Jessica,Wrightbury
CUST32,Barbara,North Keith
CUST33,Paul,Lake Jessica
CUST34,Travis,East Nathanside
CUST35,William,Eugeneborough
CUST36,Daniel,North Jenniferside
CUST37,Lisa,Woodchester
CUST38,Susan,New Adam
CUST39,Shane,Port Amanda
CUST40,Kenneth,North Jerry
CUST41,Aaron,Shelbyview
CUST42,Victoria,New Tiffanystad
CUST43,Robert,East Wesley
CUST44,Angela,South Jenniferside
CUST45,Lisa,Fordborough
CUST46,Matthew,Evanstown
CUST47,Elizabeth,Aliciahaven
CUST48,Benjamin,Port Markbury
CUST49,Carolyn,Lake Adamland
CUST50,Jay,West Tinatown
CUST51,Ariel,Rhondaside
CUST52,Sandra,East Laura
CUST53,Alexis,North Dorothyberg
CUST54,Jimmy,Williamsside
CUST55,Donald,New Lisafort
CUST56,Danny,Brownmouth
CUST57,Matthew,Port Theresatown
CUST58,Jeremy,Port Steven
CUST59,Allen,Langmouth
CUST60,Sarah,Lake Loretta
CUST61,Zachary,Lake Beverlyberg
CUST62,Regina,Riceland
CUST63,Walter,West Adrian
CUST64,Javier,South Christinashire
CUST65,Michael,Lake Jayside
CUST66,Thomas,Kimberlyberg
CUST67,Brandon,Alyssaberg
CUST68,Richard,New Deborahburgh
CUST69,Robert,Benjaminfort
CUST70,Alexandra,South Michael
CUST71,Matthew,West Timothyville
CUST72,Michael,West William
CUST73,James,Millermouth
CUST74,Mary,New Kerriport
CUST75,Amy,Sharonshire
CUST76,Anna,North Samantha
CUST77,Chad,Nathanshire
CUST78,Kevin,West Diana
CUST79,Andre,Lake Patricia
CUST80,Steven,Washingtonfurt
CUST81,Frances,Ashleyton
CUST82,Emily,Chambersmouth
CUST83,Jeffrey,South Adam
CUST84,John,North Crystalstad
CUST85,William,Carrshire
CUST86,Abigail,Lake Jose
CUST87,Christopher,North Judyburgh
CUST88,Krista,Perezmouth
CUST89,Anna,Port Shannon
CUST90,Meredith,New Kevinfort
CUST91,Marcus,Staffordburgh
CUST92,Victor,Littleborough
CUST93,Devin,West Deborah
CUST94,Paul,Timothychester
CUST95,Michele,Brianbury
CUST96,Micheal,North Tyronebury
CUST97,Joseph,South Glenn
CUST98,Kim,New Melissatown
CUST99,Sheryl,Leroyberg
CUST100,Jeff,South Ronald
CUST101,Rose,Rachelfort
CUST102,Courtney,Gonzalezchester
CUST103,Jeffrey,Port Carriefurt
CUST104,Steven,Matthewhaven
CUST105,Holly,Elizabethbury
CUST106,John,West Michaelmouth
CUST107,April,Port Eric
CUST108,Parker,North Kellyfurt
CUST109,Christina,Cartermouth
CUST110,Amber,Masseyview
CUST111,Scott,Port Marcusshire
CUST112,Bradley,Bullockchester
CUST113,Julie,Zimmermanview
CUST114,Rebecca,Rogersstad
CUST115,Andrea,Petersonmouth
CUST116,Crystal,Nealborough
CUST117,Eddie,Melindaview
CUST118,Lisa,Jessicaburgh
CUST119,Brenda,North Francisco
CUST120,Spencer,East Toddfort
CUST121,Sherry,Port Christopherburgh
CUST122,Victor,East Michael
CUST123,Timothy,South Tinatown
CUST124,Jasmine,Millerview
CUST125,James,Mannside
CUST126,Walter,Lewiston
CUST127,Martin,Michaelfurt
CUST128,Christine,Shelbyville
CUST129,Jonathan,Cardenasview
CUST130,Katherine,Robinside
CUST131,John,New Maureen
CUST132,Danielle,East Jessicaberg
CUST133,Calvin,Bryantview
CUST134,Anthony,South Kristinchester
CUST135,Kimberly,Lake Kristopherberg
CUST136,Hector,West Ariel
CUST137,Paul,North Julia
CUST138,Aaron,Maynardmouth
CUST139,Jennifer,New Wanda
CUST140,Tyrone,
CUST141,Emily,Seanside
CUST142,Ronald,New Kevinland
CUST143,Philip,New Taylortown
CUST144,Benjamin,Hinesmouth
CUST145,Ashlee,South Melissaville
CUST146,Katherine,
CUST147,Yolanda,South Daniel
CUST148,Amanda,Smithberg
CUST149,Leslie,Nicholeview
CUST150,Stephen,Tracystad
CUST151,Mia,Parrishside
CUST152,Katie,East Stephenbury
CUST153,Willie,Briannafurt
CUST154,Ronald,Smithville
CUST155,Gerald,Arnoldmouth
CUST156,Matthew,Dannyburgh
CUST157,Cameron,North Stephanieshire
CUST158,Paul,East Richard
CUST159,Jay,Kathleenside
CUST160,Adam,New Claytonville
CUST161,Shelia,Johnsonstad
CUST162,Donna,Lynnstad
CUST163,Jennifer,Jonathanton
CUST164,Yolanda,Port Carolinefurt
CUST165,Paul,New Kaylaview
CUST166,Joshua,East Cheryl
CUST167,Dwayne,
CUST168,Kim,Lake Austin
CUST169,Stephen,New Andrew
CUST170,Dennis,New Dominique
CUST171,Bradley,Lake Johnnyhaven
CUST172,Bailey,Jamesview
CUST173,Tracy,Nancyview
CUST174,Renee,South Williamberg
CUST175,Michael,Thomasbury
CUST176,Richard,Emilyfort
CUST177,Jessica,Lake Alexanderstad
CUST178,Rebecca,Robertstad
CUST179,Timothy,Potterside
CUST180,Martha,Timothymouth
CUST181,John,Jonesbury
CUST182,Deborah,Allisonchester
CUST183,Richard,South Thomas
CUST184,Miranda,East Nicholas
CUST185,Phyllis,Christopherburgh
CUST186,Michael,Timothyton
CUST187,Michael,North Davidstad
CUST188,Julie,North Benjaminhaven
CUST189,Lisa,Paulborough
CUST190,Bianca,Lake Tammy
CUST191,Rebecca,Andreaville
CUST192,Christine,East Caitlin
CUST193,Jerry,Lake Christianmouth
CUST194,April,South Williamport
CUST195,Debbie,Christopherfort
CUST196,Kathy,Port Colleen
CUST197,Denise,Estesbury
CUST198,Jessica,Lake Nathanside
CUST199,Robert,Ashleyport
CUST200,Nicholas,Jacobburgh
CUST201,Ryan,Garciafort
CUST202,Vicki,Michaelhaven
CUST203,Karen,New Robert
CUST204,Sean,Smithview
CUST205,Jesse,Huntburgh
CUST206,Craig,Meganmouth
CUST207,Tracy,South Russell
CUST208,Christopher,East Shariberg
CUST209,Lisa,Phillipsstad
CUST210,Nathan,Johnmouth
CUST211,Tyler,Nunezstad
CUST212,Jeffery,Castroshire
CUST213,Leslie,Matthewshire
CUST214,Javier,Lake Rebekahfurt
CUST215,Michael,North Sabrina
CUST216,Samuel,Hernandezside
CUST217,Isaac,North Brendamouth
CUST218,Danielle,
CUST219,Brian,New Stephenborough
CUST220,Jessica,Anthonyside
CUST221,Samuel,Port Christinehaven
CUST222,David,Collinsfort
CUST223,Thomas,Shellyton
CUST224,Donald,West Elizabeth
CUST225,Katelyn,Michellemouth
CUST226,Kelly,Garybury
CUST227,David,Ericksonmouth
CUST228,Angela,Henryborough
CUST229,Michael,Andersonfort
CUST230,Amy,Lake Ryan
CUST231,Shelley,North Joshuachester
CUST232,Suzanne,Torresburgh
CUST233,Kenneth,East Paulaberg
CUST234,Andrea,New Maria
CUST235,Herbert,Sullivanport
CUST236,Monica,West Michael
CUST237,Anthony,
CUST238,Heidi,New Hannahfurt
CUST239,Beth,Janiceburgh
CUST240,Michael,Patelshire
CUST241,Eric,Lake Melissa
CUST242,Katrina,North Lisafurt
CUST243,Joshua,Fullermouth
CUST244,Amy,Kaylaland
CUST245,Joanna,Loriside
CUST246,Emily,Stevenhaven
CUST247,Toni,Port Lisaside
CUST248,Jason,North Jacob
CUST249,Mitchell,Lake Frederick
CUST250,Allen,New Annette
CUST251,Hannah,Port Susan
CUST252,Edward,West Victoriaside
CUST253,Gail,Port Christinaville
CUST254,Christina,Fitzgeraldmouth
CUST255,Edwin,Darleneborough
CUST256,Annette,Sarahborough
CUST257,Sherri,Grantside
CUST258,Michael,Newmanbury
CUST259,Greg,Calderonton
CUST260,Denise,Bakerside
CUST261,Justin,Michellefurt
CUST262,Elizabeth,Robertston
CUST263,William,Joshuafurt
CUST264,Lisa,Jimmyberg
CUST265,Teresa,Port Susanstad
CUST266,Melissa,Eugenemouth
CUST267,Mackenzie,North Karen
CUST268,Bruce,North Robert
CUST269,Bryan,East Franciscoberg
CUST270,Lori,Madisonport
CUST271,Norman,New Kelly
CUST272,Sean,Robertland
CUST273,Michael,Greenton
CUST274,Kelly,Thomaschester
CUST275,Justin,New Marissaberg
CUST276,Ralph,Cameronshire
CUST277,Kari,New Amy
CUST278,Eddie,Port Aaron
CUST279,Yvonne,Deborahton
CUST280,Brian,Armstrongborough
CUST281,Jesse,Davisburgh
CUST282,Ashley,Tylerberg
CUST283,Erin,Danaburgh
CUST284,Kristy,Tracyborough
CUST285,Anna,Obrienview
CUST286,Michael,Lake Patrick
CUST287,Olivia,Moralesmouth
CUST288,Terri,Sherylchester
CUST289,Russell,Port Gregoryshire
CUST290,Kelly,New Edward
CUST291,Christine,Lake Heidi
CUST292,Natalie,South Robertside
CUST293,Sheryl,South Elizabeth
CUST294,Lisa,Nataliemouth
CUST295,Kimberly,
CUST296,Tom,Smithview
CUST297,Justin,East Jonathanmouth
CUST298,Sylvia,Davidborough
CUST299,Scott,Jenniferfort
CUST300,Julie,Tamarafort
CUST301,Tanya,West Jacobmouth
CUST302,David,New Melissafurt
CUST303,Alison,Jacksonburgh
CUST304,Jessica,Gallegosfort
CUST305,Glenn,Brownburgh
CUST306,Andrew,Cathymouth
CUST307,Dean,Lake Tracieport
CUST308,Robert,South Courtney
CUST309,Aaron,Phillipbury
CUST310,Theresa,South Christinaport
CUST311,Christopher,
CUST312,Catherine,Wilsonview
CUST313,Anthony,North Ashley
CUST314,Antonio,East Luisbury
CUST315,Sonya,West Emilymouth
CUST316,Lindsay,Jeffersonburgh
CUST317,Jeffrey,East Madisonshire
CUST318,Megan,Mendozastad
CUST319,Jennifer,East Karitown
CUST320,Tyler,East Michaelshire
CUST321,Diane,New David
CUST322,Melinda,South Jessica
CUST323,Carol,Port Anna
CUST324,Andrew,South Erinland
CUST325,Jacqueline,Wrightmouth
CUST326,Alejandra,North Donaldmouth
CUST327,Steven,West Martin
CUST328,Vicki,North Richardstad
CUST329,Sara,New Dawn
CUST330,Mark,Robertport
CUST331,Susan,Connorville
CUST332,Erika,East Anthonychester
CUST333,Dylan,Gonzalezfort
CUST334,Samuel,Amandaborough
CUST335,Justin,Jasonville
CUST336,Michael,Lake Linda
CUST337,Haley,Lake Leahport
CUST338,Jessica,Lake Victoria
CUST339,Seth,Rachelhaven
CUST340,Bryan,Sharonbury
CUST341,Sheena,Bridgettown
CUST342,Stephanie,West Tanyaton
CUST343,Bradley,New Amber
CUST344,Douglas,Michelleview
CUST345,Jessica,Johnburgh
CUST346,Kelly,New Josephstad
CUST347,Aaron,Dudleyside
CUST348,Jeremy,Wilsontown
CUST349,Michelle,East Leslie
CUST350,Nicole,North Judithborough
CUST351,Joseph,Lindaborough
CUST352,Ashley,Michaelview
CUST353,Danielle,Port Taylor
CUST354,Alicia,South Alyssa
CUST355,Kim,New Kelly
CUST356,Kimberly,Lake Brendastad
CUST357,Jessica,Hartshire
CUST358,Patricia,South Christopherhaven
CUST359,Dennis,Lake Garyton
CUST360,Heather,West Rose
CUST361,Edward,Jennifertown
CUST362,James,North Frankside
CUST363,Thomas,Lake Marieside
CUST364,Joseph,Bradfordberg
CUST365,Shannon,East Autumn
CUST366,Cassidy,Jessicafort
CUST367,Thomas,New Rachel
CUST368,Jennifer,Carlosside
CUST369,Thomas,Johnfurt
CUST370,Kimberly,Tranberg
CUST371,Ashley,Scottstad
CUST372,Daniel,East Diana
CUST373,Donna,Lake Jacobmouth
CUST374,Julia,Jeffreyville
CUST375,Dana,Galvanside
CUST376,James,North Wendy
CUST377,Jason,Ashleyside
CUST378,Cindy,Coryside
CUST379,John,Audreyport
CUST380,Danielle,Sparksberg
CUST381,Elizabeth,Gibbsberg
CUST382,Christopher,Jamesberg
CUST383,Charlene,Erikaburgh
CUST384,Sabrina,South Joshua
CUST385,Sophia,Annside
CUST386,Joshua,Jacksonchester
CUST387,Carolyn,New Jacquelineburgh
CUST388,Karen,Thomasbury
CUST389,Megan,Heatherstad
CUST390,Laura,Lake Lisa
CUST391,Sydney,Lake Ashleyhaven
CUST392,Derek,Hendricksland
CUST393,Ashley,Barnesland
CUST394,John,New Vincentstad
CUST395,Deanna,Harrisborough
CUST396,Autumn,Flowersview
CUST397,Ashlee,Port Ronaldbury
CUST398,Steven,South Andrea
CUST399,Michael,Lake Teresabury
CUST400,Lisa,Port Kayla
CUST401,Cody,Elizabethland
CUST402,Jesse,Miguelville
CUST403,Sandra,
CUST404,Carlos,Whiteheadmouth
CUST405,Bernard,West Michael
CUST406,Austin,South Stephen
CUST407,Michael,Jenniferside
CUST408,Eric,Steeleborough
CUST409,James,Lake Thomasmouth
CUST410,Joshua,Lake Christian
CUST411,Patrick,Lindseychester
CUST412,Brian,West Tommy
CUST413,Natalie,Jessicaborough
CUST414,Philip,Pearsonmouth
CUST415,Angela,Lake Bobbybury
CUST416,Patrick,Villarrealchester
CUST417,Benjamin,Dylanport
CUST418,Ryan,North Traceyton
CUST419,Linda,South Theresabury
CUST420,Jennifer,Walterport
CUST421,Keith,Wendyburgh
CUST422,Erica,Danielburgh
CUST423,Crystal,Walkermouth
CUST424,Adam,East Mary
CUST425,Ashley,Wallacetown
CUST426,Karen,North Charlestown
CUST427,Christian,Jeffreymouth
CUST428,Bradley,Priceside
CUST429,Heather,South George
CUST430,Michael,East Miranda
CUST431,Wayne,Blackburntown
CUST432,Paul,East Kimberly
CUST433,Thomas,West Meganberg
CUST434,Margaret,West Staceyborough
CUST435,Christina,Port Michael
CUST436,Morgan,Tommyville
CUST437,Ann,Port Tylerside
CUST438,John,
CUST439,Derek,East Janeville
CUST440,Martin,North Todd
CUST441,Gary,Sonyaland
CUST442,Erica,Maddentown
CUST443,Bryan,Guerramouth
CUST444,Tyler,Princeborough
CUST445,Latoya,East Jesus
CUST446,Amy,South Jessicastad
CUST447,Russell,East Williamview
CUST448,Ashley,Scottland
CUST449,Charles,South Laurabury
CUST450,Elizabeth,New Emily
CUST451,Kristen,Wilsonmouth
CUST452,Jennifer,Jonesmouth
CUST453,Bethany,Jonesshire
CUST454,Melissa,New Meredithfort
CUST455,Michael,Laraport
CUST456,Scott,South Kevinberg
CUST457,Joseph,Theodoreton
CUST458,Matthew,East Juanberg
CUST459,Cheryl,
CUST460,Stacy,Riveraberg
CUST461,Ashley,North Jilltown
CUST462,Rick,East Danielburgh
CUST463,Gregory,Lake Maria
CUST464,Nicholas,Grantmouth
CUST465,David,West Charlesland
CUST466,Anthony,New Sherry
CUST467,Steve,West Timothyberg
CUST468,Melissa,East Sarah
CUST469,Jessica,Curtisberg
CUST470,Eugene,Parkview
CUST471,Richard,Susanborough
CUST472,Alvin,Ryanfort
CUST473,Christian,Lake Brenda
CUST474,Vanessa,East Cassandra
CUST475,Jeffrey,Michaelport
CUST476,George,Lake Allison
CUST477,David,Heidiview
CUST478,Travis,Jeremyside
CUST479,Lisa,Larryshire
CUST480,Sharon,Denisefurt
CUST481,Alex,Nancybury
CUST482,John,Shawmouth
CUST483,Joseph,Meganville
CUST484,Steven,South Kathy
CUST485,Denise,Lake Russell
CUST486,Joshua,
CUST487,Mitchell,Wendyborough
CUST488,Brittany,Hernandezfurt
CUST489,Kelli,Morganton
CUST490,Karen,South Michaelside
CUST491,Adam,South Lanceview
CUST492,Shawn,Crawfordside
CUST493,Amy,East Joelshire
CUST494,Elizabeth,Stephanieton
CUST495,Jon,Lake Kurtport
CUST496,Alexandra,South Shaneview
CUST497,Debbie,North Shane
CUST498,Jeffrey,Melissaberg
CUST499,Harold,Lake Timothyport
CUST500,Michael,Davidbury
CUST501,Molly,Port Sarah
CUST502,Jennifer,North Shawnfort
CUST503,Joshua,Gonzalesstad
CUST504,Catherine,Nataliefort
CUST505,Richard,Port David
CUST506,Debra,North Bretttown
CUST507,Audrey,South James
CUST508,Elizabeth,Lake Erinbury
CUST509,Robert,New Amy
CUST510,Samantha,Olsonborough
CUST511,Carmen,Lisaside
CUST512,Briana,East Sierra
CUST513,Donna,East Tamaraborough
CUST514,Robert,Timothyberg
CUST515,James,Riceshire
CUST516,Justin,Phillipshaven
CUST517,Timothy,Pearsonmouth
CUST518,Patricia,Garyland
CUST519,Melissa,Osbornburgh
CUST520,Diana,Smithbury
CUST521,Charles,Valeriehaven
CUST522,Abigail,East Tylermouth
CUST523,Joseph,Davidton
CUST524,Crystal,North Anthonyville
CUST525,John,East Susanside
CUST526,Rebecca,Patrickville
CUST527,Ashley,New Brianberg
CUST528,Jason,South Connorfurt
CUST529,Jennifer,New Adam
CUST530,Maureen,Bentonfurt
CUST531,Jennifer,Port Sergioport
CUST532,Theresa,Lake Danielhaven
CUST533,Christopher,South Davidstad
CUST534,Eric,West Staceyborough
CUST535,Timothy,Lake Tammy
CUST536,Lisa,Brownhaven
CUST537,Joseph,North Ashley
CUST538,Cassandra,West Matthewshire
CUST539,Jody,Lake Melinda
CUST540,Zachary,Jameston
CUST541,Vernon,North Donna
CUST542,Omar,Theresachester
CUST543,Scott,East Victoria
CUST544,Kathryn,South Connortown
CUST545,Brandon,South Samanthaton
CUST546,Mark,Molinamouth
CUST547,Kathryn,Lopezchester
CUST548,Jillian,Joshuamouth
CUST549,Terri,Meyerhaven
CUST550,Maria,New Nicholasmouth
CUST551,William,Lake Davidport
CUST552,Charles,North Erica
CUST553,Shelby,Rachelshire
CUST554,Christopher,Reyesport
CUST555,Norman,Watkinsborough
CUST556,Erin,Carmenfurt
CUST557,Bethany,Herreramouth
CUST558,Todd,South Thomasburgh
CUST559,Katherine,Josephfort
CUST560,Stacy,Jasonstad
CUST561,Paula,Jonesstad
CUST562,Brian,East Krystalton
CUST563,Christie,East Amy
CUST564,Charles,Perezshire
CUST565,Melissa,Cohenfort
CUST566,Dustin,Hicksfurt
CUST567,Tammy,Lake Rhondachester
CUST568,Anthony,Thomasmouth
CUST569,Alice,Garciaton
CUST570,Mary,West Danamouth
CUST571,Omar,Callahantown
CUST572,Kristina,Roblesland
CUST573,Erica,Jonesborough
CUST574,Veronica,Hilltown
CUST575,Nichole,Jimmyberg
CUST576,Michelle,Robinside
CUST577,Jerry,Moralesmouth
CUST578,Bryan,South Bridget
CUST579,Julie,Pachecoport
CUST580,Joshua,Lake Lauramouth
CUST581,Caleb,East Jesseville
CUST582,David,Palmerburgh
CUST583,Stephen,South Michele
CUST584,Kathy,Pamelaton
CUST585,William,South Amberborough
CUST586,Sheryl,Haleyview
CUST587,Alicia,East Kelly
CUST588,Amanda,Shelbyville
CUST589,Robert,Jessicachester
CUST590,Ronald,North Angelaborough
CUST591,Kristina,Gateshaven
CUST592,Amanda,North Drew
CUST593,Melissa,Lake Amber
CUST594,Daniel,Bruceview
CUST595,Autumn,North Danielleton
CUST596,Mark,Mariemouth
CUST597,Jeffrey,East Katelyn
CUST598,Tim,Livingstonland
CUST599,Cassandra,West Kelly
CUST600,Patrick,Lake Jessicabury
CUST601,Sherri,South Ashley
CUST602,Leslie,Susanfort
CUST603,Kimberly,Greenemouth
CUST604,Janet,Aprilview
CUST605,Darrell,Michaelchester
CUST606,Vanessa,
CUST607,Jennifer,Jerryshire
CUST608,Selena,South Rodneyfort
CUST609,Emily,Deniseborough
CUST610,Samuel,Maryburgh
CUST611,Andrew,East Joel
CUST612,Andrew,West Katherine
CUST613,Jeffrey,West Adrian
CUST614,Michael,Barrettborough
CUST615,Javier,East Hunter
CUST616,Alex,Estradaland
CUST617,Mary,West Lisa
CUST618,Jennifer,Lake Brittany
CUST619,Michelle,Morrisonside
CUST620,Darrell,Port Xavierhaven
CUST621,Laura,Port Nancychester
CUST622,Peter,Robinsonmouth
CUST623,Stephanie,Kelleychester
CUST624,Jacob,Lake Jonview
CUST625,Brenda,
CUST626,Justin,Patelside
CUST627,Laura,East Christophermouth
CUST628,Karen,
CUST629,Margaret,Ortizburgh
CUST630,Scott,West Jeffrey
CUST631,Thomas,Port Marytown
CUST632,Brett,Audreybury
CUST633,Christy,North Laura
CUST634,Philip,New Eric
CUST635,Ashley,Alexanderbury
CUST636,Timothy,Santoschester
CUST637,Gerald,East Shaneshire
CUST638,Frank,Port David
CUST639,Mark,Leonardhaven
CUST640,Randy,East Warren
CUST641,John,East Gabrielletown
CUST642,Brandy,New Sharonhaven
CUST643,Monica,Jenkinsbury
CUST644,Mark,Lovemouth
CUST645,Brandon,Danielview
CUST646,Leslie,Tammyshire
CUST647,Ann,Johnsonshire
CUST648,Charles,Kaylaborough
CUST649,Gabrielle,Isaachaven
CUST650,Danielle,West Danielport
CUST651,Alexandra,Kennedyville
CUST652,Jay,Harmonside
CUST653,Jesse,East Edward
CUST654,Rhonda,Patriciachester
CUST655,Sara,Susanshire
CUST656,Anthony,West Michael
CUST657,Amber,Jamiehaven
CUST658,Andrea,South Katherineton
CUST659,Michael,Thomasport
CUST660,Michael,South Karlaport
CUST661,Bobby,South John
CUST662,Megan,Lake Michellemouth
CUST663,Kristen,Mullinsmouth
CUST664,Katrina,
CUST665,Robert,East Rachelside
CUST666,Mark,Evansfurt
CUST667,James,Lunatown
CUST668,Margaret,Barbarafurt
CUST669,Christian,Johnton
CUST670,Ashley,Caseyberg
CUST671,Robert,North Anthonymouth
CUST672,Caitlin,South Elizabeth
CUST673,Diana,Sandersville
CUST674,Kimberly,Thomasburgh
CUST675,Aaron,Gatesburgh
CUST676,Louis,Mitchellchester
CUST677,Dale,Mitchellfort
CUST678,Thomas,Danielsshire
CUST679,William,Gibsonchester
CUST680,Elizabeth,Gravesport
CUST681,Michelle,Danaside
CUST682,Cameron,Youngmouth
CUST683,Tara,East Crystal
CUST684,Joseph,Lake Chadport
CUST685,Courtney,Rogerstad
CUST686,Sean,East Taylor
CUST687,Maria,Greeneside
CUST688,Brian,Josephland
CUST689,Jeffery,Samanthaville
CUST690,Kristin,East Danielton
CUST691,Ashley,Valentineborough
CUST692,Craig,Cheyennemouth
CUST693,Gary,Katherineton
CUST694,Gary,Willisfurt
CUST695,Christopher,Maryside
CUST696,Kelly,Kellifort
CUST697,Yolanda,Rodriguezborough
CUST698,Ashley,Ochoaside
CUST699,Barbara,Lewismouth
CUST700,Briana,West Leonard
CUST701,Jacqueline,Kathrynchester
CUST702,Courtney,Robleshaven
CUST703,Lynn,Jenniferstad
CUST704,Laura,South Lauraview
CUST705,Melissa,North Deannaview
CUST706,Michael,North Heather
CUST707,James,Lake Mollyport
CUST708,Kathryn,Heidiport
CUST709,Travis,Patelhaven
CUST710,Alyssa,Connerside
CUST711,Brandon,North Staceyview
CUST712,James,Hickmantown
CUST713,Ronald,North Anaton
CUST714,Arthur,Thomaschester
CUST715,Christopher,Jacksonhaven
CUST716,Kevin,Nancyview
CUST717,Angela,Katieside
CUST718,Andrew,North Seanbury
CUST719,Jordan,Brownhaven
CUST720,Michele,East Ashleymouth
CUST721,Diane,Christophertown
CUST722,Jesse,Anthonybury
CUST723,Melissa,West Morganville
CUST724,Stephanie,New Cynthia
CUST725,Ricky,Port Tammy
CUST726,Maria,North Heidi
CUST727,Shawn,Crosbyview
CUST728,Timothy,Mcleanhaven
CUST729,Kathleen,New Amy
CUST730,Ashley,North Travis
CUST731,Jessica,Phillipland
CUST732,Kimberly,Port Ericbury
CUST733,Melissa,Port Kyle
CUST734,Chelsea,Scottfurt
CUST735,Keith,New Kennethton
CUST736,Angela,Jacksonstad
CUST737,Tyler,Jamesport
CUST738,Stephanie,Lake Vincent
CUST739,Anthony,East Carolbury
CUST740,Elizabeth,West Kimview
CUST741,Angela,Lake Rebecca
CUST742,Rachel,South April
CUST743,Lauren,South Brittanystad
CUST744,Stephen,Jasonshire
CUST745,Brenda,Jeffreyland
CUST746,Kathleen,Tinaview
CUST747,Jennifer,Port Christina
CUST748,Katie,North Jennifer
CUST749,Kelly,North Joel
CUST750,Wayne,East Nicole
CUST751,Derrick,East Kristen
CUST752,Peter,West Brianburgh
CUST753,Maria,North Heather
CUST754,Michael,Robinborough
CUST755,Sara,South Jacob
CUST756,Rachel,Kevinmouth
CUST757,Maria,Edwardston
CUST758,Leonard,East Katherinefurt
CUST759,Debra,Wendyhaven
CUST760,Jessica,Hollandview
CUST761,Michael,East Robert
CUST762,Rebecca,South Sarahton
CUST763,Melissa,Lake Virginia
CUST764,Beth,East Christopher
CUST765,Lisa,Wendymouth
CUST766,Melanie,East Ashley
CUST767,Mark,New Susan
CUST768,Jacqueline,Port Randallborough
CUST769,Justin,Goodbury
CUST770,Lonnie,Lanechester
CUST771,Amber,Lake Jose
CUST772,Chelsea,Stanleybury
CUST773,Michael,Port Kenneth
CUST774,Crystal,Lake Leahhaven
CUST775,Raymond,Denisemouth
CUST776,Pamela,West Kenneth
CUST777,Peter,Kathleenberg
CUST778,Jerry,New Seth
CUST779,Michael,North Mark
CUST780,Amber,Foxport
CUST781,Aaron,Port Bryan
CUST782,Christine,Brandonshire
CUST783,Donna,Fernandofort
CUST784,Alan,Lake Alexander
CUST785,Kathy,North Bruce
CUST786,Marco,
CUST787,Susan,North Jonathan
CUST788,Ronald,East Robert
CUST789,Michael,Williamschester
CUST790,Matthew,New Tarastad
CUST791,Anthony,Jenniferton
CUST792,Ronald,Stephenview
CUST793,Brandi,Simmonsborough
CUST794,Tina,Kellyland
CUST795,Todd,Simsfurt
CUST796,Virginia,Tracyberg
CUST797,Julie,Changchester
CUST798,Christopher,East Valeriehaven
CUST799,Juan,South Jesusland
CUST800,Derek,Williamside
CUST801,Arthur,North Lynnmouth
CUST802,Adam,New Cassie
CUST803,Kara,New Jessicafurt
CUST804,Rachel,Lake Vanessamouth
CUST805,Daniel,South Roger
CUST806,Jeffrey,Ramirezfurt
CUST807,Brittany,Lake Josephstad
CUST808,Holly,Mooreton
CUST809,Christopher,Kevinstad
CUST810,Tamara,Ravenland
CUST811,Dominique,Washingtonchester
CUST812,Melissa,Brianside
CUST813,Melissa,Jessicatown
CUST814,Timothy,Tylerburgh
CUST815,Jason,Ronnieton
CUST816,Charles,West Davidside
CUST817,Vernon,Justinmouth
CUST818,Raymond,Jamesfort
CUST819,Veronica,Lake Marieshire
CUST820,Michael,East Christopherview
CUST821,William,West Miguel
CUST822,Kevin,Darrenshire
CUST823,Peter,Everettfort
CUST824,Matthew,Carlsonborough
CUST825,Joseph,Castanedafort
CUST826,Elizabeth,Kristenfurt
CUST827,Patricia,North Angelaville
CUST828,Shannon,Colemanside
CUST829,Ross,West Gabriel
CUST830,Margaret,Leefort
CUST831,James,North Brittany
CUST832,William,East Sarah
CUST833,James,Port Kennethfurt
CUST834,Donna,East Jesse
CUST835,Kristen,East Ashleystad
CUST836,Marisa,West Jessicaport
CUST837,Betty,North Luke
CUST838,Evelyn,Masonbury
CUST839,Brandon,East Monicaburgh
CUST840,Alison,Williamshire
CUST841,Daniel,Craneside
CUST842,Lisa,Allisonhaven
CUST843,Daniel,Gardnermouth
CUST844,Justin,Gamblefort
CUST845,Nathan,Lozanomouth
CUST846,Jeffery,Port Bernard
CUST847,Thomas,West Sarah
CUST848,Stephanie,Lake Derekside
CUST849,William,Randyhaven
CUST850,Debra,North Chad
CUST851,Johnny,Jeremyshire
CUST852,Traci,Stephenschester
CUST853,Natalie,Kellifort
CUST854,Christopher,Millerside
CUST855,Christopher,Port Marcuschester
CUST856,Sheila,West Christian
CUST857,Jamie,North Perryshire
CUST858,Kyle,Carolynburgh
CUST859,Leslie,South Codymouth
CUST860,Melissa,North Julia
CUST861,Jessica,East Anne
CUST862,Michael,Charlesberg
CUST863,Keith,Mckaytown
CUST864,Lorraine,North Melissa
CUST865,Mary,Alexisview
CUST866,Christopher,Kimview
CUST867,Jordan,
CUST868,Stephanie,Thomasview
CUST869,Mark,Russellstad
CUST870,Elizabeth,Murphyshire
CUST871,Joshua,South Sarah
CUST872,Thomas,Lake Tinafurt
CUST873,George,Lake Nicholasstad
CUST874,Amy,Port Bryan
CUST875,Tiffany,West Mollystad
CUST876,Alexandra,East Ronaldport
CUST877,Kim,Jessicaton
CUST878,Daniel,
CUST879,Charles,Victoriashire
CUST880,Scott,North Tonya
CUST881,Lisa,West Kayleebury
CUST882,Samantha,Vasqueztown
CUST883,Virginia,North Luis
CUST884,Brian,Lake Joseph
CUST885,Sarah,Paulmouth
CUST886,Rick,Garrettside
CUST887,Brian,East Frank
CUST888,Jennifer,Millerburgh
CUST889,Laura,Kimberlyside
CUST890,John,Clarkebury
CUST891,Kelsey,South Stephen
CUST892,Jessica,Elliottfurt
CUST893,Olivia,West Timothy
CUST894,Sarah,Williamville
CUST895,Caitlin,New Peggy
CUST896,Tamara,New Adam
CUST897,Tina,North Jose
CUST898,Derrick,Butlerton
CUST899,Jon,Rubiofurt
CUST900,Sandra,East Courtneytown
CUST901,Richard,West Adrianburgh
CUST902,Kevin,West Shelby
CUST903,Anthony,Hooperstad
CUST904,Vincent,Snowhaven
CUST905,Caitlin,Matthewstad
CUST906,Richard,East Jessicaview
CUST907,Samantha,New Davidborough
CUST908,Dalton,South Joshualand
CUST909,Ann,Smithton
CUST910,Madeline,West Josephberg
CUST911,Albert,Schneiderfort
CUST912,Pamela,West Glennmouth
CUST913,Emily,Turnerville
CUST914,Jeffrey,Taylorville
CUST915,Kyle,Port Brooke
CUST916,Chelsea,Jennifermouth
CUST917,Dalton,East Joshuafort
CUST918,Gary,West Sean
CUST919,Tonya,Corytown
CUST920,Jane,North Reginaborough
CUST921,Suzanne,Simmonsfurt
CUST922,Colleen,North Bridget
CUST923,Brent,Glenntown
CUST924,Jeffrey,
CUST925,Richard,Murphymouth
CUST926,James,Lake Scott
CUST927,Michael,Sarahmouth
CUST928,Patrick,West Amanda
CUST929,Jeremy,New Danielside
CUST930,Jason,Juliemouth
CUST931,Deborah,Lake Deborahfort
CUST932,Jean,North Charlesborough
CUST933,Nicole,
CUST934,Autumn,South Jenniferchester
CUST935,Theresa,Port Josephchester
CUST936,Megan,Lake Mistyburgh
CUST937,Lawrence,Dawsonshire
CUST938,Paula,Rushhaven
CUST939,Lauren,South Ashleyview
CUST940,Shelby,New Matthew
CUST941,Troy,Hendersontown
CUST942,Cynthia,Carneyton
CUST943,Sara,Kathleenbury
CUST944,Paul,West John
CUST945,Cody,Lake Andrewton
CUST946,Matthew,West Julie
CUST947,George,South Chase
CUST948,Nathan,New Mandytown
CUST949,Matthew,Christopherside
CUST950,Juan,Cynthiafurt
CUST951,Scott,South Robertfurt
CUST952,Julie,West Markmouth
CUST953,Bryan,Heatherchester
CUST954,Jackie,Garretthaven
CUST955,Brad,North Alex
CUST956,Anthony,Port Jamie
CUST957,Gabriel,Padillahaven
CUST958,Tricia,Kennedymouth
CUST959,Dale,Lopezhaven
CUST960,Sean,Troychester
CUST961,Rebecca,Kurtshire
CUST962,Eric,South Davidfort
CUST963,Jill,Kellyside
CUST964,Tony,Kevinshire
CUST965,Isaac,Laurenton
CUST966,Daniel,South Katherine
CUST967,Laura,Oliviabury
CUST968,Jessica,Guzmanside
CUST969,Megan,Loriport
CUST970,Deanna,East Taylor
CUST971,Michelle,Port Joel
CUST972,Jason,West Cherylborough
CUST973,Michael,Gordonside
CUST974,Kathleen,Tamarashire
CUST975,Linda,South Andrewfort
CUST976,Emily,Thomasburgh
CUST977,Lisa,Lake Brenda
CUST978,Dennis,Ryanberg
CUST979,Monica,North Kristineview
CUST980,Jennifer,Williamsbury
CUST981,Thomas,Zacharymouth
CUST982,Sean,Michaelfurt
CUST983,Kenneth,Stevenbury
CUST984,Desiree,West Erinhaven
CUST985,Karla,Cookview
CUST986,Joshua,Port Dawn
CUST987,David,Natalieport
CUST988,Angela,Danielland
CUST989,Karen,Lindsaytown
CUST990,Christian,Jacobsville
CUST991,Martin,Martinezton
CUST992,Jasmine,Annamouth
CUST993,John,Lake Thomas
CUST994,Brian,North Stephaniemouth
CUST995,Lisa,Grahamton
CUST996,Scott,Daviston
CUST997,Maria,New Valerie
CUST998,Lisa,Joshuastad
CUST999,Randall,North Whitneyville
CUST1000,Connor,Tylerhaven
CUST341,Sheena,Bridgettown
CUST875,Tiffany,West Mollystad
CUST832,William,East Sarah
CUST407,Michael,Jenniferside
CUST817,Vernon,Justinmouth
