order_id,payment_method,payment_amount
1,COD,3684.67
2,Card,4215.635
3,UPI,7875.42
4,UPI,10492.065
5,Card,0.0
6,UPI,0.0
7,COD,1502.995
8,UPI,0.0
9,Card,8866.895
10,Net Banking,3691.85
11,Net Banking,0.0
12,COD,12219.015
13,COD,15230.495
14,UPI,5028.145
15,COD,0.0
16,COD,0.0
17,COD,0.0
18,COD,23238.43
19,UPI,11625.595
20,UPI,21471.84
21,Card,0.0
22,UPI,0.0
23,COD,6410.469999999999
24,Card,18395.21
25,COD,0.0
26,UPI,6595.005
27,COD,10478.3
28,UPI,0.0
29,COD,18296.94
30,UPI,10531.59
31,COD,0.0
32,Card,2374.955
33,Net Banking,4304.22
34,Net Banking,4941.44
35,UPI,0.0
36,UPI,0.0
37,Card,0.0
38,COD,15125.785
39,Net Banking,7918.179999999999
40,COD,0.0
41,UPI,19647.74
42,Card,10253.01
43,UPI,0.0
44,COD,0.0
45,Card,9211.67
46,Card,14057.119999999999
47,Card,37904.880000000005
48,Net Banking,2379.87
49,Net Banking,0.0
50,UPI,0.0
51,COD,5739.280000000001
52,Card,0.0
53,Net Banking,28221.41
54,Net Banking,6309.11
55,Card,1565.01
56,Net Banking,20949.97
57,Card,5407.68
58,Card,0.0
59,Net Banking,0.0
60,Card,15012.960000000001
61,Card,0.0
62,COD,0.0
63,COD,1911.0300000000002
64,Card,1794.84
65,Net Banking,26180.420000000002
66,UPI,0.0
67,Card,0.0
68,Net Banking,2438.76
69,Card,5432.32
70,Card,501.53
71,Card,1098.99
72,Card,12693.65
73,Card,22211.620000000003
74,UPI,15931.375
75,COD,1001.8399999999999
76,Card,3243.065
77,COD,0.0
78,Card,4318.3
79,UPI,0.0
80,Net Banking,18284.239999999998
81,UPI,0.0
82,UPI,26018.34
83,COD,5624.88
84,Card,19031.04
85,Net Banking,5434.485
86,Net Banking,0.0
87,UPI,0.0
88,Card,14545.61
89,Net Banking,12096.19
90,UPI,14693.235
91,Card,8007.89
92,Card,4301.15
93,Net Banking,6567.370000000001
94,Card,0.0
95,Net Banking,8337.41
96,Net Banking,29920.3
97,UPI,5359.875
98,Card,0.0
99,UPI,2045.24
100,Net Banking,0.0
101,UPI,8000.655
102,UPI,20364.7
103,Net Banking,0.0
104,Card,1614.6
105,Card,7879.49
106,Card,5242.099999999999
107,Net Banking,2547.505
108,Net Banking,0.0
109,Card,9802.925
110,Card,6592.445000000001
111,Card,3649.73
112,Net Banking,10150.91
113,Net Banking,0.0
114,UPI,6778.285
115,COD,13417.79
116,UPI,3163.33
117,Net Banking,5653.22
118,COD,13140.925
119,Card,16373.400000000001
120,Card,6469.995
121,Net Banking,9085.535
122,COD,19224.85
123,Card,0.0
124,Card,13755.96
125,UPI,0.0
126,Net Banking,0.0
127,UPI,0.0
128,UPI,17258.98
129,Net Banking,12011.439999999999
130,Card,5527.01
131,COD,0.0
132,Net Banking,0.0
133,Card,37872.34
134,UPI,14555.52
135,COD,10273.265
136,UPI,7153.42
137,Card,9065.695
138,UPI,4155.975
139,Net Banking,16595.88
140,COD,15246.085000000001
141,Card,0.0
142,Net Banking,29421.71
143,Card,14875.41
144,UPI,12679.275
145,Card,0.0
146,UPI,24860.78
147,COD,13205.405
148,COD,4733.370000000001
149,UPI,14064.44
150,Card,4168.27
151,UPI,18265.64
152,Card,17743.36
153,COD,0.0
154,UPI,14941.01
155,Card,11265.740000000002
156,UPI,12171.61
157,COD,8289.14
158,UPI,6944.465
159,Net Banking,20795.29
160,UPI,5667.595
161,Net Banking,0.0
162,Net Banking,0.0
163,COD,2977.48
164,COD,0.0
165,COD,17391.21
166,COD,10709.865
167,Net Banking,0.0
168,Net Banking,0.0
169,Card,0.0
170,UPI,16650.85
171,Card,3386.71
172,Net Banking,18355.379999999997
173,COD,0.0
174,COD,4587.76
175,Net Banking,0.0
176,Net Banking,0.0
177,UPI,0.0
178,UPI,0.0
179,Card,0.0
180,Net Banking,10275.36
181,UPI,0.0
182,Card,13135.75
183,COD,12676.01
184,COD,4940.59
185,Card,8970.88
186,Card,4387.605
187,Net Banking,0.0
188,Net Banking,8891.72
189,COD,0.0
190,Net Banking,16395.82
191,UPI,10686.89
192,Card,7288.88
193,Net Banking,1774.03
194,Net Banking,0.0
195,Net Banking,14088.470000000001
196,Net Banking,0.0
197,Net Banking,0.0
198,UPI,3701.325
199,Card,0.0
200,Net Banking,18449.41
201,Net Banking,0.0
202,COD,0.0
203,COD,22735.16
204,COD,0.0
205,Card,3509.555
206,Card,0.0
207,Net Banking,3524.04
208,Card,0.0
209,Card,14177.6
210,UPI,0.0
211,Net Banking,0.0
212,COD,24571.93
213,UPI,0.0
214,Net Banking,0.0
215,COD,5637.62
216,UPI,8063.515
217,COD,0.0
218,UPI,14776.119999999999
219,UPI,0.0
220,Card,0.0
221,Net Banking,0.0
222,Card,0.0
223,Net Banking,24488.120000000003
224,UPI,0.0
225,COD,0.0
226,Card,4808.21
227,UPI,8846.73
228,COD,6852.61
229,UPI,24792.1
230,UPI,6323.73
231,Net Banking,12796.39
232,Card,15392.595
233,UPI,8064.634999999999
234,COD,0.0
235,Card,8944.34
236,Card,3309.8
237,Net Banking,4123.62
238,Card,243.85
239,COD,0.0
240,Card,8970.88
241,UPI,990.64
242,UPI,0.0
243,Net Banking,693.33
244,UPI,0.0
245,UPI,0.0
246,UPI,19399.68
247,COD,6218.42
248,COD,0.0
249,Net Banking,0.0
250,UPI,9646.755000000001
251,Card,1022.21
252,UPI,5787.36
253,UPI,0.0
254,UPI,10501.52
255,Card,0.0
256,COD,1299.675
257,UPI,3995.705
258,UPI,6056.2
259,Card,13169.485
260,UPI,9672.615
261,UPI,1804.32
262,UPI,0.0
263,UPI,0.0
264,Net Banking,8617.4
265,Card,17221.449999999997
266,Net Banking,4728.51
267,UPI,12342.79
268,Card,12842.7
269,COD,6182.97
270,COD,0.0
271,Net Banking,0.0
272,UPI,0.0
273,Net Banking,0.0
274,Net Banking,2480.1
275,Net Banking,6150.85
276,COD,4818.58
277,Card,0.0
278,UPI,7206.92
279,UPI,5838.59
280,Card,8080.1849999999995
281,COD,0.0
282,Card,0.0
283,Card,0.0
284,COD,0.0
285,Card,0.0
286,COD,4884.955
287,UPI,0.0
288,Card,10842.13
289,COD,0.0
290,Card,17449.49
291,Net Banking,1348.27
292,UPI,8175.25
293,Card,10141.0
294,COD,8753.744999999999
295,COD,0.0
296,COD,10740.57
297,UPI,12970.1
298,UPI,0.0
299,Card,19467.260000000002
300,UPI,12601.2
301,Card,19865.48
302,UPI,0.0
303,Net Banking,16488.0
304,Card,3453.9
305,UPI,0.0
306,COD,12110.04
307,Card,0.0
308,Net Banking,0.0
309,Card,12124.27
310,UPI,1391.12
311,COD,10842.54
312,UPI,3720.15
313,UPI,3768.445
314,Net Banking,673.545
315,COD,1982.915
316,Card,1476.525
317,Card,19749.08
318,UPI,0.0
319,COD,10153.395
320,Card,11706.95
321,Net Banking,1105.375
322,UPI,11478.06
323,UPI,709.44
324,COD,6374.635
325,UPI,818.86
326,Card,14550.18
327,COD,0.0
328,COD,3282.39
329,Net Banking,2562.51
330,UPI,0.0
331,Card,0.0
332,Net Banking,0.0
333,COD,0.0
334,Card,7954.1050000000005
335,Net Banking,0.0
336,UPI,2395.28
337,Net Banking,13236.32
338,Card,2706.4700000000003
339,Card,0.0
340,Card,0.0
341,UPI,6524.4800000000005
342,Net Banking,6678.425
343,Card,5741.990000000001
344,COD,15658.84
345,COD,5974.08
346,UPI,23368.05
347,UPI,0.0
348,UPI,18337.940000000002
349,UPI,9898.029999999999
350,Card,1190.99
351,UPI,13418.310000000001
352,UPI,5060.16
353,Net Banking,16269.28
354,Net Banking,0.0
355,Card,14265.03
356,UPI,1357.46
357,Net Banking,0.0
358,Card,3370.1749999999997
359,COD,0.0
360,Card,0.0
361,COD,24650.75
362,UPI,8956.99
363,UPI,8803.66
364,Net Banking,1674.61
365,Card,7583.5
366,Card,0.0
367,Card,12032.7
368,UPI,0.0
369,COD,2934.08
370,COD,0.0
371,Net Banking,13956.365
372,Net Banking,13695.329999999998
373,Card,0.0
374,Card,0.0
375,UPI,132.09
376,Net Banking,3465.34
377,COD,0.0
378,Card,9730.69
379,UPI,390.51
380,Card,0.0
381,COD,0.0
382,COD,1511.43
383,Net Banking,6254.225
384,COD,10836.650000000001
385,Net Banking,7286.51
386,Net Banking,0.0
387,COD,0.0
388,UPI,0.0
389,Net Banking,1091.66
390,UPI,1508.14
391,Card,21350.12
392,UPI,34202.44
393,Net Banking,0.0
394,Net Banking,19492.53
395,Card,0.0
396,Card,5839.94
397,Card,0.0
398,Net Banking,10467.35
399,Net Banking,0.0
400,UPI,4174.45
401,Net Banking,0.0
402,Card,19817.48
403,UPI,1713.175
404,Net Banking,193.35
405,COD,5948.75
406,Net Banking,18344.01
407,Card,0.0
408,COD,0.0
409,UPI,4346.974999999999
410,Net Banking,0.0
411,COD,0.0
412,COD,0.0
413,COD,27898.61
414,COD,7695.549999999999
415,Card,0.0
416,UPI,0.0
417,COD,8190.445
418,UPI,5031.88
419,Net Banking,23629.505
420,COD,9620.93
421,Card,27059.64
422,Net Banking,0.0
423,Card,9220.939999999999
424,COD,0.0
425,UPI,27212.44
426,COD,0.0
427,COD,0.0
428,Card,28943.55
429,COD,0.0
430,UPI,8668.650000000001
431,UPI,0.0
432,COD,0.0
433,Card,2051.38
434,UPI,29256.7
435,COD,0.0
436,COD,5077.005
437,UPI,5911.015
438,Card,2270.16
439,Net Banking,0.0
440,UPI,18778.86
441,Card,1377.66
442,Card,6144.429999999999
443,Card,0.0
444,COD,6574.365
445,UPI,3065.37
446,COD,0.0
447,COD,10299.365
448,COD,14242.36
449,COD,2287.575
450,COD,3944.045
451,Card,11434.54
452,Card,0.0
453,Card,3768.6
454,COD,0.0
455,COD,0.0
456,Card,17663.41
457,Net Banking,0.0
458,Net Banking,7212.28
459,COD,0.0
460,Net Banking,10218.17
461,UPI,7720.625
462,Card,13605.88
463,COD,0.0
464,Card,29799.48
465,Net Banking,0.0
466,UPI,4530.8099999999995
467,COD,24183.35
468,COD,0.0
469,Net Banking,7111.36
470,Card,0.0
471,COD,6240.21
472,Net Banking,6126.04
473,UPI,11947.580000000002
474,Card,3893.8500000000004
475,Card,1366.35
476,Net Banking,0.0
477,UPI,0.0
478,UPI,14063.07
479,COD,3535.4799999999996
480,Card,0.0
481,UPI,12831.35
482,Net Banking,18970.9
483,Net Banking,17534.879999999997
484,Card,0.0
485,COD,23540.34
486,COD,0.0
487,Card,8648.205
488,Net Banking,3902.385
489,Card,3282.37
490,COD,2051.38
491,UPI,1703.98
492,COD,32439.06
493,Card,6758.389999999999
494,Card,6353.86
495,Net Banking,2381.975
496,COD,15016.45
497,Net Banking,1136.34
498,UPI,0.0
499,Card,0.0
500,UPI,8746.24
501,UPI,2136.975
502,Net Banking,7895.26
503,UPI,0.0
504,Net Banking,6719.54
505,Net Banking,20379.84
506,Card,0.0
507,Net Banking,0.0
508,COD,13364.69
509,COD,7220.62
510,COD,2094.06
511,COD,5270.81
512,Card,34067.31
513,Net Banking,9261.635
514,Card,749.0350000000001
515,COD,5775.24
516,Net Banking,0.0
517,Card,23041.07
518,Net Banking,0.0
519,COD,1686.67
520,Card,15161.25
521,UPI,1396.33
522,Card,5621.27
523,UPI,794.85
524,COD,12393.99
525,COD,0.0
526,Net Banking,0.0
527,UPI,1054.665
528,COD,5331.69
529,Net Banking,3783.8
530,Card,28439.989999999998
531,COD,13020.685000000001
532,Net Banking,0.0
533,Card,0.0
534,Net Banking,0.0
535,Net Banking,6600.015
536,Net Banking,5710.485000000001
537,Card,14470.119999999999
538,Card,19527.27
539,Net Banking,0.0
540,UPI,16647.89
541,UPI,9819.880000000001
542,COD,3832.46
543,Net Banking,3130.495
544,Card,0.0
545,UPI,11832.51
546,COD,7810.735000000001
547,Net Banking,0.0
548,Net Banking,6703.29
549,Net Banking,4711.05
550,COD,1790.97
551,UPI,807.72
552,UPI,6636.075
553,COD,11020.57
554,Net Banking,6673.53
555,UPI,0.0
556,UPI,0.0
557,Card,0.0
558,Card,2583.215
559,Card,22420.6
560,COD,8373.54
561,Net Banking,0.0
562,UPI,2495.18
563,UPI,417.24
564,UPI,7076.54
565,Card,8332.59
566,Card,19157.18
567,Card,0.0
568,COD,3598.61
569,COD,1218.15
570,COD,876.6
571,Net Banking,11054.61
572,UPI,0.0
573,Net Banking,0.0
574,COD,0.0
575,Card,6588.35
576,UPI,6951.685
577,UPI,9449.75
578,COD,6265.24
579,COD,0.0
580,Card,11113.36
581,COD,1157.02
582,Net Banking,0.0
583,COD,0.0
584,UPI,12349.74
585,UPI,13894.509999999998
586,UPI,24730.88
587,Card,0.0
588,UPI,1093.08
589,COD,0.0
590,UPI,0.0
591,Card,9356.84
592,UPI,0.0
593,Net Banking,9902.699999999999
594,Card,2998.53
595,UPI,0.0
596,UPI,4380.985
597,UPI,11711.12
598,Net Banking,0.0
599,COD,1355.0849999999998
600,Net Banking,0.0
601,Card,0.0
602,COD,13320.96
603,Card,0.0
604,UPI,0.0
605,Net Banking,4787.09
606,Card,0.0
607,COD,5137.215
608,COD,12829.925
609,Card,8391.84
610,Card,0.0
611,Card,12589.81
612,Net Banking,14773.47
613,Net Banking,6629.65
614,Card,8864.259999999998
615,UPI,4521.6
616,UPI,7093.69
617,COD,0.0
618,COD,0.0
619,Net Banking,0.0
620,Net Banking,6371.285
621,UPI,18170.85
622,UPI,7225.48
623,Card,0.0
624,UPI,4773.59
625,Net Banking,20192.47
626,COD,6953.84
627,UPI,3119.885
628,Card,0.0
629,Net Banking,27968.02
630,UPI,0.0
631,COD,11798.17
632,Card,196.29
633,Net Banking,0.0
634,Net Banking,5390.225
635,Net Banking,37154.04
636,UPI,15408.695
637,Net Banking,3451.65
638,UPI,0.0
639,Net Banking,2774.55
640,Card,11047.875
641,UPI,0.0
642,Net Banking,0.0
643,Card,12580.085
644,COD,16321.66
645,Net Banking,9568.515
646,UPI,29703.72
647,COD,0.0
648,UPI,1652.29
649,Net Banking,1233.13
650,UPI,7038.59
651,COD,2411.4
652,Card,439.335
653,UPI,9506.49
654,COD,2346.495
655,COD,0.0
656,Card,0.0
657,Net Banking,17720.260000000002
658,Card,17757.16
659,Net Banking,12076.08
660,Card,9277.32
661,UPI,14282.244999999999
662,Net Banking,12329.7
663,UPI,9771.04
664,UPI,15337.32
665,COD,0.0
666,UPI,0.0
667,UPI,0.0
668,UPI,13857.224999999999
669,COD,5335.355
670,COD,0.0
671,COD,8532.39
672,UPI,10564.0
673,Net Banking,11499.29
674,COD,11897.93
675,UPI,10805.325
676,Net Banking,1768.6
677,Net Banking,0.0
678,Net Banking,0.0
679,Card,3132.12
680,COD,21317.91
681,COD,16603.079999999998
682,COD,8447.755000000001
683,Net Banking,0.0
684,Net Banking,3136.39
685,COD,15147.92
686,UPI,0.0
687,UPI,0.0
688,Card,0.0
689,Card,3022.86
690,UPI,0.0
691,COD,24309.589999999997
692,Net Banking,2221.56
693,COD,8790.6
694,Card,0.0
695,UPI,0.0
696,UPI,2121.04
697,COD,1738.46
698,Net Banking,14110.74
699,UPI,3111.85
700,Card,0.0
701,Card,9504.255000000001
702,Card,5595.64
703,Card,6703.085
704,COD,0.0
705,Card,15347.060000000001
706,COD,9823.76
707,COD,0.0
708,UPI,0.0
709,Net Banking,14390.465
710,Net Banking,0.0
711,Net Banking,0.0
712,Card,25256.75
713,UPI,28597.29
714,Card,0.0
715,COD,13397.699999999999
716,COD,14742.55
717,UPI,4318.3
718,UPI,0.0
719,COD,16401.67
720,Card,22297.0
721,COD,14739.65
722,Card,0.0
723,COD,12951.415
724,Net Banking,24527.08
725,COD,8888.07
726,UPI,1249.375
727,Net Banking,18048.62
728,Card,0.0
729,COD,17559.0
730,UPI,0.0
731,COD,6910.835
732,Card,0.0
733,Card,706.54
734,Card,16052.69
735,Net Banking,9383.785
736,UPI,0.0
737,Card,26054.27
738,COD,10855.78
739,UPI,15097.36
740,Card,0.0
741,Net Banking,0.0
742,Card,0.0
743,COD,7324.745
744,Net Banking,8369.32
745,COD,14111.68
746,COD,2717.1
747,Net Banking,14058.730000000001
748,UPI,0.0
749,UPI,16635.66
750,Card,0.0
751,UPI,4704.64
752,UPI,16829.86
753,COD,11284.06
754,Card,1738.8000000000002
755,COD,0.0
756,COD,7614.655
757,UPI,0.0
758,Net Banking,318.89
759,COD,1950.325
760,Net Banking,9248.49
761,UPI,10073.975
762,Net Banking,0.0
763,UPI,9870.05
764,COD,0.0
765,COD,6397.99
766,UPI,0.0
767,UPI,4894.48
768,Net Banking,10920.289999999999
769,COD,20332.9
770,Card,0.0
771,Card,117.755
772,UPI,0.0
773,UPI,0.0
774,COD,12014.335
775,Net Banking,0.0
776,Net Banking,105.67
777,COD,0.0
778,Net Banking,31156.44
779,Card,0.0
780,COD,15125.38
781,Net Banking,7639.525
782,UPI,16896.68
783,Card,31136.77
784,Card,25640.48
785,UPI,16266.76
786,Net Banking,10731.725
787,Card,7282.11
788,Net Banking,24440.52
789,Card,21962.05
790,COD,12722.44
791,COD,7110.485000000001
792,Card,16427.54
793,Card,7431.32
794,COD,0.0
795,UPI,2303.625
796,UPI,0.0
797,UPI,10833.199999999999
798,UPI,0.0
799,Net Banking,0.0
800,Net Banking,4970.98
801,Net Banking,18429.29
802,Card,5479.145
803,COD,6038.290000000001
804,Net Banking,7291.32
805,UPI,2554.545
806,UPI,0.0
807,Card,15930.51
808,UPI,27492.46
809,UPI,9480.92
810,COD,6829.4400000000005
811,Card,5515.465
812,UPI,14531.505
813,Card,8949.52
814,Card,15485.54
815,COD,0.0
816,Net Banking,10582.14
817,UPI,9778.869999999999
818,Net Banking,816.74
819,Net Banking,6175.01
820,Card,18832.23
821,COD,15694.035
822,UPI,0.0
823,UPI,23783.879999999997
824,COD,11713.099999999999
825,UPI,8202.64
826,COD,6685.95
827,Card,13219.44
828,Net Banking,0.0
829,UPI,6870.94
830,Net Banking,0.0
831,Net Banking,16057.380000000001
832,Net Banking,500.73
833,UPI,0.0
834,UPI,6447.76
835,COD,0.0
836,COD,0.0
837,UPI,10383.04
838,COD,1962.53
839,Net Banking,0.0
840,Card,0.0
841,UPI,0.0
842,COD,3539.65
843,Net Banking,1692.335
844,COD,0.0
845,COD,2248.88
846,Net Banking,0.0
847,Card,23950.43
848,COD,0.0
849,COD,34295.82
850,Net Banking,7062.795
851,Net Banking,15189.619999999999
852,UPI,0.0
853,UPI,2274.205
854,Net Banking,1957.235
855,COD,20092.215
856,COD,0.0
857,COD,13166.48
858,COD,0.0
859,Net Banking,7149.32
860,COD,2930.01
861,Net Banking,1566.675
862,UPI,6467.025
863,Net Banking,0.0
864,Card,18586.449999999997
865,COD,14441.77
866,Card,2444.1
867,COD,10698.91
868,Card,0.0
869,Card,20496.71
870,Card,3955.95
871,COD,9905.64
872,Net Banking,11992.885
873,UPI,0.0
874,UPI,3236.67
875,Net Banking,0.0
876,COD,0.0
877,COD,2250.76
878,Card,0.0
879,UPI,6014.92
880,Net Banking,9989.23
881,UPI,0.0
882,COD,0.0
883,Net Banking,11419.485
884,Net Banking,16830.43
885,Card,0.0
886,COD,0.0
887,COD,4270.72
888,Card,0.0
889,UPI,21348.95
890,UPI,3929.21
891,COD,25116.65
892,UPI,3394.94
893,UPI,6028.245000000001
894,Card,0.0
895,COD,4953.29
896,UPI,17185.16
897,COD,3649.015
898,Card,1571.14
899,UPI,6801.755
900,COD,18256.12
901,UPI,0.0
902,COD,0.0
903,COD,9588.82
904,UPI,18779.39
905,COD,0.0
906,UPI,8608.93
907,COD,19869.19
908,COD,3132.48
909,UPI,0.0
910,COD,9365.380000000001
911,Net Banking,0.0
912,UPI,15241.46
913,UPI,0.0
914,UPI,0.0
915,Card,8264.98
916,UPI,1420.185
917,COD,0.0
918,Net Banking,5876.225
919,COD,1856.48
920,COD,2293.36
921,UPI,1521.255
922,Net Banking,11489.445
923,COD,5721.23
924,COD,5083.389999999999
925,UPI,0.0
926,COD,0.0
927,Card,0.0
928,Net Banking,0.0
929,UPI,0.0
930,UPI,1958.55
931,UPI,10003.505
932,COD,0.0
933,COD,1971.14
934,UPI,0.0
935,Card,0.0
936,UPI,0.0
937,COD,906.31
938,Net Banking,5836.18
939,Net Banking,15374.220000000001
940,COD,0.0
941,Card,9711.9
942,UPI,0.0
943,Card,9220.735
944,Net Banking,1364.92
945,COD,14199.34
946,Card,3985.785
947,UPI,0.0
948,COD,1013.3800000000001
949,COD,24746.9
950,Card,0.0
951,UPI,0.0
952,COD,1828.615
953,UPI,30695.480000000003
954,UPI,23302.760000000002
955,COD,5807.16
956,Net Banking,4808.63
957,Net Banking,12574.635
958,COD,3036.585
959,COD,0.0
960,COD,0.0
961,UPI,0.0
962,COD,0.0
963,COD,0.0
964,UPI,22989.1
965,UPI,10662.365
966,Net Banking,0.0
967,COD,14792.41
968,UPI,0.0
969,Card,2128.39
970,Card,0.0
971,COD,11718.43
972,Net Banking,9511.91
973,UPI,0.0
974,COD,26276.59
975,UPI,1601.315
976,Net Banking,5439.3099999999995
977,UPI,7017.6
978,Net Banking,1029.04
979,Net Banking,13108.505
980,UPI,20898.57
981,Card,4891.3099999999995
982,UPI,761.11
983,UPI,986.44
984,COD,0.0
985,Net Banking,9276.91
986,UPI,9148.465
987,Card,20479.65
988,Net Banking,0.0
989,COD,0.0
990,COD,2320.0099999999998
991,UPI,0.0
992,Net Banking,0.0
993,UPI,19653.12
994,COD,1571.14
995,UPI,0.0
996,COD,19186.72
997,COD,6736.469999999999
998,COD,11543.605
999,UPI,28826.0
1000,Net Banking,10974.755
1001,COD,7175.505
1002,Card,1047.04
1003,COD,8568.895
1004,Net Banking,1380.98
1005,COD,0.0
1006,UPI,9303.87
1007,UPI,7009.254999999999
1008,Card,0.0
1009,Card,18896.239999999998
1010,Net Banking,0.0
1011,Net Banking,2348.92
1012,COD,10317.075
1013,UPI,3343.3900000000003
1014,COD,7532.485000000001
1015,COD,10849.395
1016,Net Banking,0.0
1017,COD,0.0
1018,COD,18813.53
1019,Net Banking,10872.08
1020,COD,5241.1849999999995
1021,UPI,1626.69
1022,UPI,0.0
1023,Card,18310.34
1024,UPI,7693.455
1025,COD,10901.135
1026,UPI,12244.95
1027,UPI,38221.39
1028,Card,9572.44
1029,Card,0.0
1030,Card,0.0
1031,COD,5205.155000000001
1032,Net Banking,0.0
1033,Net Banking,1292.99
1034,COD,16339.73
1035,COD,12786.225
1036,Net Banking,9702.215
1037,Net Banking,0.0
1038,UPI,3350.925
1039,UPI,7279.46
1040,COD,0.0
1041,Net Banking,0.0
1042,Net Banking,11296.86
1043,Card,10197.41
1044,COD,20491.489999999998
1045,Card,0.0
1046,UPI,8239.68
1047,Net Banking,5541.87
1048,Net Banking,15088.32
1049,UPI,15026.300000000001
1050,COD,0.0
1051,Card,16145.54
1052,Net Banking,0.0
1053,Net Banking,0.0
1054,Card,4642.35
1055,Card,5972.47
1056,Card,10706.349999999999
1057,UPI,32773.12
1058,COD,6001.31
1059,UPI,0.0
1060,UPI,8641.89
1061,Card,7378.865
1062,Card,17643.11
1063,UPI,0.0
1064,UPI,3958.815
1065,Net Banking,2228.32
1066,COD,21547.19
1067,Net Banking,9597.32
1068,COD,5796.2
1069,UPI,0.0
1070,Net Banking,0.0
1071,UPI,9083.565
1072,COD,12934.64
1073,COD,10955.330000000002
1074,Net Banking,26288.81
1075,UPI,0.0
1076,COD,3446.55
1077,Card,2570.64
1078,UPI,19701.510000000002
1079,COD,0.0
1080,COD,964.26
1081,COD,5413.62
1082,Net Banking,1318.505
1083,Card,6068.88
1084,UPI,0.0
1085,UPI,3161.86
1086,Card,3798.93
1087,Card,1974.29
1088,COD,0.0
1089,Net Banking,17444.95
1090,UPI,17251.88
1091,Card,1902.78
1092,Card,4732.075
1093,Card,13960.814999999999
1094,UPI,13171.98
1095,Net Banking,0.0
1096,Net Banking,0.0
1097,Net Banking,13717.465
1098,Net Banking,0.0
1099,COD,11432.19
1100,COD,2977.48
1101,UPI,3650.92
1102,UPI,4247.1449999999995
1103,COD,0.0
1104,Net Banking,7503.655
1105,Card,15639.13
1106,UPI,0.0
1107,UPI,13985.619999999999
1108,COD,12429.755
1109,Net Banking,6340.775
1110,COD,23211.09
1111,Card,0.0
1112,COD,13754.675
1113,COD,2170.26
1114,UPI,7255.585
1115,Net Banking,1788.255
1116,UPI,0.0
1117,UPI,0.0
1118,Card,0.0
1119,Net Banking,0.0
1120,Card,634.26
1121,Net Banking,0.0
1122,UPI,8100.17
1123,UPI,18891.76
1124,Card,0.0
1125,UPI,11075.54
1126,Card,0.0
1127,UPI,2049.525
1128,Card,2850.54
1129,COD,2138.56
1130,Card,0.0
1131,Card,730.5050000000001
1132,Net Banking,0.0
1133,UPI,0.0
1134,Card,11993.925
1135,UPI,3551.93
1136,Net Banking,17495.39
1137,Card,6668.535
1138,Net Banking,0.0
1139,COD,4466.22
1140,Net Banking,11748.52
1141,Net Banking,4913.889999999999
1142,COD,16905.83
1143,UPI,0.0
1144,Net Banking,0.0
1145,UPI,12953.46
1146,UPI,14255.8
1147,Card,12229.35
1148,UPI,0.0
1149,Card,12912.58
1150,Card,2871.085
1151,UPI,0.0
1152,UPI,4337.77
1153,Card,6979.709999999999
1154,Net Banking,11398.68
1155,Net Banking,1821.255
1156,UPI,4396.87
1157,COD,18456.46
1158,Net Banking,132.4
1159,COD,8331.79
1160,COD,0.0
1161,Card,6722.18
1162,Card,13784.34
1163,COD,0.0
1164,UPI,10871.26
1165,Card,19940.03
1166,COD,0.0
1167,UPI,5477.1849999999995
1168,Net Banking,0.0
1169,COD,0.0
1170,Net Banking,25738.22
1171,COD,0.0
1172,COD,2637.01
1173,COD,0.0
1174,Card,0.0
1175,UPI,3017.3
1176,COD,2103.52
1177,Card,18014.65
1178,UPI,0.0
1179,UPI,5617.42
1180,Net Banking,12010.53
1181,Net Banking,12039.01
1182,COD,10077.25
1183,Card,0.0
1184,COD,0.0
1185,COD,6590.94
1186,UPI,11122.105
1187,UPI,11902.43
1188,UPI,15763.125
1189,Net Banking,0.0
1190,UPI,2424.22
1191,Card,16162.47
1192,Card,5862.9349999999995
1193,Card,0.0
1194,Net Banking,0.0
1195,Net Banking,13722.26
1196,COD,33388.15
1197,COD,0.0
1198,Card,19822.16
1199,Net Banking,2254.72
1200,Net Banking,0.0
1201,Net Banking,25348.3
1202,Net Banking,0.0
1203,COD,11640.53
1204,UPI,9187.119999999999
1205,Card,1790.095
1206,UPI,5279.48
1207,COD,0.0
1208,COD,12646.380000000001
1209,Card,17441.14
1210,COD,11225.68
1211,Net Banking,11014.509999999998
1212,Net Banking,6396.38
1213,COD,0.0
1214,UPI,11243.05
1215,Card,8241.2
1216,Net Banking,0.0
1217,Card,0.0
1218,Net Banking,12272.475
1219,Card,1148.565
1220,UPI,12815.215
1221,Card,0.0
1222,COD,13324.375
1223,COD,1329.125
1224,UPI,0.0
1225,Net Banking,2307.405
1226,Card,1919.475
1227,Net Banking,9966.21
1228,Net Banking,0.0
1229,UPI,7024.055
1230,COD,8910.78
1231,Net Banking,12374.52
1232,Card,0.0
1233,Net Banking,0.0
1234,Card,13579.435
1235,Net Banking,23713.79
1236,COD,0.0
1237,Net Banking,1125.38
1238,COD,10403.150000000001
1239,COD,4911.545
1240,Card,3118.63
1241,COD,17874.45
1242,COD,12619.845000000001
1243,COD,6174.135
1244,Card,11431.92
1245,COD,18299.280000000002
1246,UPI,24291.72
1247,UPI,28253.460000000003
1248,UPI,17597.28
1249,COD,37983.200000000004
1250,Card,7321.2699999999995
1251,Net Banking,6573.3550000000005
1252,COD,12382.42
1253,Net Banking,0.0
1254,UPI,0.0
1255,UPI,0.0
1256,COD,11543.21
1257,Card,0.0
1258,Net Banking,0.0
1259,Card,6303.025
1260,COD,16999.42
1261,COD,0.0
1262,COD,24890.63
1263,Card,0.0
1264,Card,0.0
1265,Net Banking,7551.66
1266,Net Banking,1582.195
1267,Net Banking,8173.09
1268,Card,17577.41
1269,COD,3077.04
1270,Card,25897.59
1271,UPI,6781.15
1272,Net Banking,0.0
1273,Card,0.0
1274,Net Banking,541.81
1275,Card,2094.49
1276,UPI,31178.4
1277,Net Banking,34747.74
1278,Card,8932.46
1279,COD,7800.045
1280,Card,0.0
1281,Net Banking,22407.37
1282,COD,4898.22
1283,Card,2095.675
1284,UPI,8711.07
1285,Net Banking,3140.71
1286,Card,6282.34
1287,UPI,0.0
1288,COD,4151.305
1289,COD,5023.35
1290,Card,0.0
1291,Card,0.0
1292,COD,262.06
1293,Net Banking,26173.81
1294,Net Banking,283.79
1295,UPI,31184.38
1296,UPI,0.0
1297,Net Banking,23094.769999999997
1298,Card,0.0
1299,UPI,3297.395
1300,COD,11492.225
1301,Card,3316.0550000000003
1302,Net Banking,25078.760000000002
1303,Card,0.0
1304,Net Banking,3817.3999999999996
1305,Net Banking,0.0
1306,COD,2405.7799999999997
1307,Net Banking,7331.785
1308,UPI,17084.63
1309,UPI,18583.7
1310,Card,25980.43
1311,COD,5166.72
1312,COD,1566.24
1313,Card,0.0
1314,Card,0.0
1315,Card,9595.5
1316,Card,29437.340000000004
1317,UPI,5163.59
1318,COD,2792.66
1319,COD,14940.56
1320,UPI,1752.01
1321,Card,16460.4
1322,Net Banking,0.0
1323,Card,7147.77
1324,COD,17884.46
1325,Net Banking,0.0
1326,Net Banking,30534.88
1327,Net Banking,15663.835000000001
1328,COD,0.0
1329,COD,2855.1
1330,Net Banking,15000.19
1331,UPI,0.0
1332,COD,0.0
1333,UPI,13863.04
1334,COD,0.0
1335,Net Banking,9907.315
1336,UPI,5677.905
1337,UPI,6115.185
1338,Card,12257.98
1339,Card,13357.88
1340,UPI,0.0
1341,Net Banking,926.51
1342,Net Banking,0.0
1343,COD,2074.275
1344,UPI,11878.470000000001
1345,COD,19343.9
1346,Card,0.0
1347,Net Banking,11430.09
1348,Net Banking,24141.27
1349,Card,3646.285
1350,Net Banking,0.0
1351,COD,11682.99
1352,Card,4179.835
1353,UPI,12203.215
1354,COD,0.0
1355,COD,20341.129999999997
1356,UPI,10719.51
1357,Net Banking,9745.515
1358,Net Banking,13764.26
1359,Card,0.0
1360,COD,8520.29
1361,Card,0.0
1362,COD,10990.585
1363,UPI,18390.54
1364,Card,3373.2149999999997
1365,Card,181.14
1366,Net Banking,4605.225
1367,COD,4573.33
1368,Card,5920.610000000001
1369,Card,0.0
1370,Card,2286.68
1371,COD,8670.015
1372,COD,4788.42
1373,Card,9647.16
1374,UPI,6028.225
1375,Card,19904.06
1376,Card,31541.21
1377,UPI,6700.92
1378,Card,2179.85
1379,Card,0.0
1380,UPI,6690.19
1381,Card,4649.485000000001
1382,Net Banking,10539.720000000001
1383,Card,0.0
1384,Net Banking,0.0
1385,Card,14326.02
1386,Net Banking,8311.2
1387,UPI,0.0
1388,UPI,21456.95
1389,Card,3834.7799999999997
1390,COD,1692.795
1391,COD,15254.395
1392,Net Banking,6437.745000000001
1393,COD,0.0
1394,UPI,4653.09
1395,COD,0.0
1396,Card,7005.65
1397,Card,26174.19
1398,UPI,14322.52
1399,Net Banking,0.0
1400,COD,9459.36
1401,COD,4367.17
1402,COD,10689.25
1403,COD,0.0
1404,COD,0.0
1405,COD,457.085
1406,UPI,383.08
1407,Net Banking,0.0
1408,COD,7718.29
1409,Net Banking,407.45
1410,COD,11804.369999999999
1411,UPI,18676.33
1412,Net Banking,3589.8
1413,COD,11601.1
1414,UPI,8095.000000000001
1415,UPI,10513.07
1416,Card,11882.04
1417,Net Banking,10758.625
1418,Card,431.325
1419,UPI,23260.89
1420,UPI,18315.625
1421,Net Banking,4569.305
1422,Net Banking,27579.4
1423,COD,16214.15
1424,Card,0.0
1425,Net Banking,353.06
1426,Card,0.0
1427,UPI,3044.73
1428,Card,16720.84
1429,Net Banking,10337.77
1430,Card,9602.99
1431,Card,3846.365
1432,UPI,3331.965
1433,COD,3801.88
1434,Net Banking,2743.605
1435,Card,12638.17
1436,COD,4321.21
1437,Card,0.0
1438,COD,1614.6
1439,UPI,14042.759999999998
1440,Net Banking,1386.43
1441,COD,3955.55
1442,UPI,10641.7
1443,Net Banking,10452.1
1444,Card,0.0
1445,Card,6298.005
1446,UPI,1717.765
1447,Net Banking,2051.36
1448,Net Banking,8209.75
1449,UPI,24043.22
1450,COD,0.0
1451,Net Banking,6903.3
1452,Net Banking,0.0
1453,Card,10745.285
1454,UPI,20841.440000000002
1455,UPI,14555.62
1456,Card,283.79
1457,Net Banking,18048.339999999997
1458,COD,12173.305
1459,Net Banking,8542.27
1460,COD,4320.945
1461,UPI,2720.575
1462,UPI,3742.96
1463,UPI,3098.27
1464,UPI,3334.63
1465,COD,20405.79
1466,COD,19128.78
1467,Card,4584.764999999999
1468,Net Banking,6392.8150000000005
1469,Net Banking,13601.564999999999
1470,COD,33403.229999999996
1471,Net Banking,0.0
1472,Net Banking,13611.130000000001
1473,COD,6709.5599999999995
1474,Net Banking,4086.52
1475,Net Banking,13561.99
1476,Card,0.0
1477,Net Banking,7823.459999999999
1478,Card,2757.555
1479,COD,0.0
1480,COD,2947.205
1481,COD,0.0
1482,Card,0.0
1483,Card,0.0
1484,Net Banking,18948.97
1485,COD,0.0
1486,COD,4647.5
1487,COD,18199.670000000002
1488,Net Banking,10657.4
1489,Net Banking,0.0
1490,Net Banking,25744.49
1491,Card,0.0
1492,Net Banking,5210.665
1493,COD,5396.185
1494,Net Banking,14855.560000000001
1495,Card,0.0
1496,COD,15852.010000000002
1497,Net Banking,8961.69
1498,Net Banking,6952.625
1499,Net Banking,0.0
1500,Card,0.0
1501,COD,0.0
1502,Net Banking,11931.53
1503,Net Banking,19827.01
1504,Net Banking,12553.545
1505,UPI,0.0
1506,UPI,32362.66
1507,Card,9007.61
1508,Card,8951.145
1509,UPI,24661.19
1510,UPI,0.0
1511,Card,0.0
1512,Net Banking,0.0
1513,Net Banking,957.525
1514,Card,17817.350000000002
1515,Card,7100.68
1516,Net Banking,6496.785
1517,COD,28901.38
1518,COD,0.0
1519,Net Banking,9486.36
1520,Net Banking,0.0
1521,Card,9415.97
1522,COD,0.0
1523,Card,17445.25
1524,Net Banking,0.0
1525,COD,15421.665
1526,COD,8119.44
1527,UPI,1731.555
1528,Card,6322.53
1529,COD,6562.51
1530,Card,21316.05
1531,UPI,0.0
1532,UPI,0.0
1533,Net Banking,8303.779999999999
1534,Net Banking,0.0
1535,COD,4134.01
1536,Net Banking,0.0
1537,Card,10121.155
1538,UPI,13082.605
1539,COD,0.0
1540,COD,0.0
1541,COD,4229.39
1542,UPI,8717.06
1543,COD,0.0
1544,COD,11253.34
1545,COD,8176.905000000001
1546,Card,0.0
1547,COD,40408.25
1548,Card,0.0
1549,Net Banking,0.0
1550,Card,0.0
1551,COD,0.0
1552,UPI,21923.53
1553,UPI,0.0
1554,UPI,0.0
1555,UPI,0.0
1556,UPI,7763.07
1557,Net Banking,0.0
1558,COD,0.0
1559,Net Banking,0.0
1560,COD,27583.45
1561,Card,0.0
1562,Net Banking,4302.37
1563,Card,1999.0
1564,UPI,10540.34
1565,Card,0.0
1566,UPI,326.28
1567,COD,0.0
1568,Net Banking,20050.05
1569,COD,0.0
1570,Net Banking,12573.665
1571,Card,4821.38
1572,Net Banking,5642.965
1573,Card,10813.845000000001
1574,Card,0.0
1575,UPI,17937.26
1576,Card,0.0
1577,COD,0.0
1578,UPI,5339.1
1579,Card,12622.705
1580,COD,12928.295
1581,Net Banking,9891.369999999999
1582,Net Banking,0.0
1583,COD,17768.41
1584,COD,6700.25
1585,Net Banking,11801.555
1586,Net Banking,0.0
1587,Card,6589.28
1588,UPI,0.0
1589,Card,490.72
1590,Net Banking,20144.96
1591,Card,0.0
1592,COD,2555.705
1593,Card,3337.38
1594,Card,7479.21
1595,Card,0.0
1596,Card,0.0
1597,Card,0.0
1598,COD,18043.71
1599,Net Banking,5964.955
1600,Card,5130.11
1601,Card,0.0
1602,Net Banking,8059.7
1603,Net Banking,24285.64
1604,Card,9006.66
1605,UPI,4607.76
1606,COD,6685.205
1607,Card,2529.9
1608,Net Banking,3243.94
1609,Card,0.0
1610,COD,10448.1
1611,Net Banking,11075.88
1612,Net Banking,30646.19
1613,UPI,23034.61
1614,Card,3790.4
1615,Net Banking,6421.58
1616,UPI,20095.32
1617,COD,13157.45
1618,UPI,10217.91
1619,COD,0.0
1620,UPI,4653.43
1621,Card,12067.2
1622,Net Banking,1972.35
1623,COD,6290.08
1624,Card,0.0
1625,Card,70.23
1626,Card,8585.369999999999
1627,COD,0.0
1628,COD,6828.639999999999
1629,Net Banking,0.0
1630,Card,0.0
1631,Card,176.53
1632,UPI,5849.620000000001
1633,UPI,0.0
1634,COD,0.0
1635,UPI,0.0
1636,COD,12834.45
1637,Net Banking,2895.5
1638,Card,0.0
1639,Card,3694.2
1640,Card,0.0
1641,Card,8020.15
1642,COD,0.0
1643,Net Banking,1762.59
1644,COD,30176.9
1645,Card,0.0
1646,COD,631.63
1647,Net Banking,5614.76
1648,Card,8837.76
1649,COD,17026.73
1650,Net Banking,0.0
1651,COD,0.0
1652,Net Banking,0.0
1653,Card,8829.67
1654,UPI,11554.654999999999
1655,COD,4785.650000000001
1656,Card,0.0
1657,Card,17472.760000000002
1658,Card,8714.13
1659,COD,12353.975
1660,COD,5183.055
1661,UPI,0.0
1662,Card,0.0
1663,Card,0.0
1664,Card,3902.9
1665,UPI,9201.05
1666,UPI,0.0
1667,Net Banking,6453.29
1668,COD,6106.8
1669,Net Banking,10791.94
1670,Net Banking,0.0
1671,COD,3983.6449999999995
1672,UPI,0.0
1673,UPI,9296.27
1674,COD,9916.385
1675,COD,11131.87
1676,Net Banking,1837.365
1677,Net Banking,12591.8
1678,Card,15175.645
1679,UPI,6696.25
1680,Net Banking,0.0
1681,UPI,9312.04
1682,COD,12970.475
1683,Card,2731.82
1684,COD,9444.310000000001
1685,Card,0.0
1686,Net Banking,2478.83
1687,Card,0.0
1688,Card,7491.585
1689,Net Banking,0.0
1690,Card,0.0
1691,COD,13617.41
1692,Net Banking,0.0
1693,Card,6654.73
1694,COD,5481.24
1695,Net Banking,5932.35
1696,COD,15047.4
1697,Card,16161.985
1698,Card,9903.6
1699,COD,8872.27
1700,UPI,18660.99
1701,COD,15970.76
1702,COD,396.27
1703,Net Banking,0.0
1704,UPI,3858.24
1705,Card,0.0
1706,UPI,23708.6
1707,Net Banking,21837.59
1708,Card,0.0
1709,UPI,6035.21
1710,Card,27609.31
1711,COD,10931.84
1712,COD,0.0
1713,COD,8649.42
1714,UPI,1706.6999999999998
1715,COD,0.0
1716,Net Banking,7335.43
1717,Net Banking,11568.79
1718,UPI,5759.83
1719,UPI,24766.28
1720,UPI,0.0
1721,Net Banking,0.0
1722,Net Banking,0.0
1723,Net Banking,8022.92
1724,UPI,5746.29
1725,Card,0.0
1726,Card,0.0
1727,Net Banking,16456.29
1728,Net Banking,0.0
1729,Net Banking,0.0
1730,Card,15853.21
1731,COD,9750.935000000001
1732,COD,15608.52
1733,Net Banking,0.0
1734,Net Banking,14138.185000000001
1735,UPI,0.0
1736,Card,14740.380000000001
1737,UPI,25598.44
1738,Card,7848.29
1739,Net Banking,2349.61
1740,Card,0.0
1741,Net Banking,23529.129999999997
1742,Card,0.0
1743,Card,7145.93
1744,UPI,0.0
1745,Card,7145.93
1746,COD,18403.95
1747,UPI,0.0
1748,Card,10963.4
1749,Net Banking,2869.42
1750,Net Banking,8261.29
1751,Net Banking,0.0
1752,COD,12336.19
1753,Net Banking,0.0
1754,UPI,3507.39
1755,COD,7477.5
1756,Net Banking,0.0
1757,Card,243.5
1758,COD,0.0
1759,Card,0.0
1760,UPI,0.0
1761,Net Banking,0.0
1762,COD,0.0
1763,UPI,11542.07
1764,Net Banking,0.0
1765,UPI,0.0
1766,Net Banking,6343.77
1767,Card,0.0
1768,COD,3951.78
1769,Net Banking,14394.44
1770,Net Banking,0.0
1771,Card,0.0
1772,Net Banking,5743.95
1773,Net Banking,2770.3999999999996
1774,UPI,23155.690000000002
1775,Net Banking,16052.935
1776,COD,0.0
1777,UPI,10947.82
1778,UPI,1347.7350000000001
1779,COD,6475.57
1780,COD,0.0
1781,Card,29049.47
1782,COD,0.0
1783,Card,0.0
1784,Net Banking,10802.65
1785,Card,0.0
1786,Card,0.0
1787,Net Banking,6253.625
1788,Card,6412.0199999999995
1789,UPI,28769.18
1790,Card,0.0
1791,Net Banking,0.0
1792,UPI,0.0
1793,Net Banking,7137.5
1794,Card,6014.16
1795,UPI,12342.53
1796,Card,0.0
1797,Card,8363.59
1798,COD,0.0
1799,COD,0.0
1800,COD,12379.99
1801,Net Banking,14241.205
1802,UPI,28060.760000000002
1803,UPI,0.0
1804,Net Banking,5582.88
1805,Net Banking,5923.59
1806,UPI,1625.435
1807,UPI,0.0
1808,COD,0.0
1809,COD,4763.97
1810,UPI,10242.02
1811,UPI,8443.87
1812,UPI,14553.849999999999
1813,UPI,25781.68
1814,UPI,0.0
1815,COD,2952.63
1816,Card,5569.85
1817,Net Banking,0.0
1818,UPI,1203.4
1819,Card,20015.92
1820,COD,4728.51
1821,Net Banking,2474.94
1822,COD,4507.94
1823,Net Banking,7530.67
1824,Card,5931.094999999999
1825,COD,8014.56
1826,Net Banking,450.66
1827,COD,8434.009999999998
1828,COD,3633.01
1829,Card,28340.41
1830,UPI,8607.4
1831,UPI,3373.34
1832,COD,8859.14
1833,COD,8267.895
1834,Net Banking,0.0
1835,COD,0.0
1836,Net Banking,8625.1
1837,Net Banking,9655.99
1838,Card,0.0
1839,COD,13038.925
1840,UPI,0.0
1841,COD,0.0
1842,Card,0.0
1843,UPI,0.0
1844,UPI,7093.08
1845,Card,0.0
1846,Card,0.0
1847,UPI,6163.76
1848,COD,15241.47
1849,Card,0.0
1850,Net Banking,0.0
1851,Net Banking,2449.85
1852,COD,5819.645
1853,UPI,1790.68
1854,COD,12699.68
1855,UPI,18180.07
1856,COD,10287.85
1857,COD,0.0
1858,UPI,8017.84
1859,Net Banking,14968.42
1860,COD,1222.67
1861,Net Banking,384.745
1862,Net Banking,21631.059999999998
1863,Card,29067.5
1864,Card,0.0
1865,COD,2047.04
1866,Card,0.0
1867,UPI,9065.130000000001
1868,UPI,10056.98
1869,UPI,8504.8
1870,UPI,134.79
1871,UPI,2198.77
1872,Net Banking,6997.305
1873,Net Banking,3359.3900000000003
1874,UPI,0.0
1875,Card,4592.205
1876,Card,0.0
1877,COD,9415.33
1878,Card,0.0
1879,COD,3612.14
1880,UPI,0.0
1881,COD,0.0
1882,UPI,1580.93
1883,UPI,8507.744999999999
1884,Net Banking,2210.29
1885,Net Banking,0.0
1886,Card,9913.535
1887,COD,30733.89
1888,Card,7199.385
1889,Card,0.0
1890,Net Banking,18512.95
1891,Card,5805.495
1892,Card,0.0
1893,Card,0.0
1894,UPI,6743.09
1895,UPI,0.0
1896,Card,0.0
1897,COD,0.0
1898,UPI,12990.58
1899,COD,0.0
1900,UPI,21229.190000000002
1901,Card,0.0
1902,Card,10989.91
1903,COD,3501.77
1904,UPI,0.0
1905,UPI,9361.55
1906,UPI,0.0
1907,UPI,3341.66
1908,Net Banking,0.0
1909,COD,5950.92
1910,Net Banking,0.0
1911,Card,3075.1400000000003
1912,COD,1375.08
1913,COD,3437.355
1914,UPI,17625.72
1915,Net Banking,15248.905
1916,Card,0.0
1917,UPI,0.0
1918,UPI,0.0
1919,COD,1092.73
1920,UPI,0.0
1921,UPI,2467.86
1922,UPI,0.0
1923,Card,14491.32
1924,UPI,19719.685
1925,Net Banking,26440.16
1926,COD,0.0
1927,Net Banking,0.0
1928,COD,15355.97
1929,Net Banking,0.0
1930,Card,27331.8
1931,Card,6273.695
1932,UPI,13110.665
1933,UPI,5510.835
1934,Net Banking,1298.51
1935,UPI,12413.695
1936,Net Banking,767.96
1937,UPI,0.0
1938,Net Banking,0.0
1939,COD,19125.63
1940,COD,0.0
1941,COD,4947.925
1942,COD,6852.69
1943,Net Banking,137.545
1944,UPI,10287.61
1945,Card,18188.385000000002
1946,COD,10303.96
1947,COD,20557.58
1948,Net Banking,0.0
1949,Card,721.6500000000001
1950,COD,0.0
1951,UPI,0.0
1952,Card,15076.279999999999
1953,UPI,3161.86
1954,COD,0.0
1955,UPI,19676.6
1956,Card,0.0
1957,Net Banking,0.0
1958,COD,9085.14
1959,UPI,652.115
1960,UPI,0.0
1961,UPI,6134.2300000000005
1962,Card,0.0
1963,Net Banking,10241.275
1964,Net Banking,0.0
1965,Net Banking,216.755
1966,Net Banking,8289.775
1967,Card,0.0
1968,Card,10021.0
1969,COD,28026.03
1970,Card,5857.110000000001
1971,Net Banking,12796.37
1972,UPI,18067.03
1973,Card,2173.63
1974,COD,22893.489999999998
1975,UPI,0.0
1976,Card,18182.9
1977,UPI,7591.675
1978,UPI,37584.71
1979,UPI,0.0
1980,UPI,1777.23
1981,Net Banking,9092.615
1982,Card,12566.125
1983,Net Banking,9774.675
1984,Card,23939.16
1985,UPI,14630.580000000002
1986,COD,21994.010000000002
1987,UPI,12065.68
1988,Net Banking,9755.76
1989,Card,12799.19
1990,Card,4108.37
1991,UPI,0.0
1992,COD,2859.785
1993,UPI,20305.43
1994,COD,0.0
1995,Net Banking,0.0
1996,COD,905.255
1997,Card,13955.67
1998,COD,9954.87
1999,Net Banking,1596.24
2000,Net Banking,0.0
2001,UPI,14253.91
2002,Net Banking,0.0
2003,COD,18169.17
2004,UPI,0.0
2005,Net Banking,0.0
2006,COD,8443.66
2007,COD,14126.25
2008,COD,11691.08
2009,UPI,0.0
2010,Net Banking,3217.92
2011,Card,1570.02
2012,Card,0.0
2013,COD,0.0
2014,UPI,987.145
2015,COD,3225.465
2016,COD,13896.81
2017,UPI,11990.53
2018,COD,3165.585
2019,Card,6819.49
2020,UPI,10473.67
2021,COD,0.0
2022,COD,12386.68
2023,Card,4381.92
2024,Card,0.0
2025,UPI,15007.325
2026,COD,0.0
2027,UPI,0.0
2028,Card,27155.05
2029,COD,17242.36
2030,UPI,0.0
2031,Net Banking,8849.63
2032,Card,0.0
2033,COD,0.0
2034,Net Banking,0.0
2035,Net Banking,955.57
2036,COD,0.0
2037,Net Banking,27538.21
2038,Card,3350.565
2039,UPI,0.0
2040,UPI,9298.119999999999
2041,COD,2763.505
2042,COD,0.0
2043,Net Banking,0.0
2044,COD,3116.6800000000003
2045,Net Banking,0.0
2046,COD,0.0
2047,COD,4411.99
2048,UPI,10792.205
2049,COD,0.0
2050,Net Banking,293.15
2051,COD,12519.695
2052,Card,7110.77
2053,Net Banking,645.75
2054,Net Banking,0.0
2055,Card,14548.77
2056,COD,1649.615
2057,COD,5262.9
2058,Card,9148.205
2059,UPI,9933.07
2060,Card,0.0
2061,Card,2379.395
2062,Net Banking,20653.14
2063,Card,23316.54
2064,Net Banking,0.0
2065,UPI,4354.7300000000005
2066,Card,24269.815
2067,UPI,0.0
2068,Card,10494.21
2069,COD,21227.579999999998
2070,Card,0.0
2071,Card,13177.11
2072,Net Banking,6275.224999999999
2073,UPI,0.0
2074,UPI,10947.69
2075,UPI,6814.77
2076,UPI,0.0
2077,COD,27336.34
2078,Net Banking,0.0
2079,UPI,12523.36
2080,Net Banking,0.0
2081,COD,3562.8
2082,UPI,9765.34
2083,UPI,0.0
2084,UPI,7993.79
2085,Card,0.0
2086,Card,0.0
2087,COD,8849.24
2088,Net Banking,20618.45
2089,Card,0.0
2090,COD,0.0
2091,Card,0.0
2092,COD,0.0
2093,Net Banking,10106.97
2094,Card,2131.76
2095,Net Banking,12515.58
2096,Net Banking,11924.35
2097,Net Banking,0.0
2098,Net Banking,3977.99
2099,Net Banking,6229.129999999999
2100,Net Banking,13410.91
2101,Net Banking,2835.71
2102,Card,11366.33
2103,COD,0.0
2104,Card,0.0
2105,COD,12204.689999999999
2106,Net Banking,13452.64
2107,Net Banking,10759.539999999999
2108,COD,0.0
2109,COD,0.0
2110,UPI,10317.710000000001
2111,Net Banking,6148.0
2112,UPI,14803.439999999999
2113,Net Banking,8532.14
2114,Card,0.0
2115,Card,5609.12
2116,Net Banking,0.0
2117,Net Banking,5183.469999999999
2118,UPI,11075.54
2119,COD,0.0
2120,Card,0.0
2121,UPI,35901.26
2122,COD,9142.48
2123,COD,0.0
2124,COD,18679.605
2125,UPI,4786.035
2126,COD,5110.615
2127,Card,9295.380000000001
2128,Net Banking,5767.19
2129,Net Banking,5135.52
2130,Card,9635.39
2131,Card,2192.67
2132,Card,5810.7300000000005
2133,UPI,10905.255000000001
2134,Card,13083.25
2135,Net Banking,2031.845
2136,Net Banking,18819.329999999998
2137,UPI,0.0
2138,UPI,0.0
2139,COD,0.0
2140,Card,2391.69
2141,UPI,0.0
2142,Net Banking,11619.029999999999
2143,COD,20348.86
2144,Net Banking,0.0
2145,UPI,6020.205
2146,COD,6657.165
2147,UPI,11666.36
2148,COD,159.75
2149,UPI,7754.879999999999
2150,COD,3865.07
2151,COD,5857.1900000000005
2152,Net Banking,19960.66
2153,UPI,5920.785
2154,Card,8522.08
2155,Net Banking,13840.26
2156,COD,0.0
2157,UPI,7555.3550000000005
2158,Card,23027.37
2159,Net Banking,0.0
2160,Net Banking,15262.23
2161,Net Banking,11303.380000000001
2162,Card,0.0
2163,UPI,4391.105
2164,UPI,0.0
2165,COD,8804.915
2166,UPI,7774.04
2167,UPI,15772.699999999999
2168,COD,2366.9900000000002
2169,Card,0.0
2170,Card,14877.19
2171,UPI,14461.84
2172,UPI,0.0
2173,UPI,9483.74
2174,UPI,944.435
2175,Net Banking,13779.48
2176,Net Banking,0.0
2177,Net Banking,8937.24
2178,Net Banking,0.0
2179,Card,1975.89
2180,UPI,12577.85
2181,Card,1182.685
2182,Net Banking,0.0
2183,Card,14583.699999999999
2184,Net Banking,4799.320000000001
2185,Card,5892.08
2186,UPI,5288.715
2187,Card,5153.495
2188,COD,6505.085
2189,Card,2132.1800000000003
2190,COD,0.0
2191,Net Banking,15471.12
2192,UPI,10749.18
2193,UPI,4154.92
2194,COD,0.0
2195,COD,13719.949999999999
2196,Card,8015.55
2197,UPI,5036.12
2198,UPI,1794.175
2199,COD,13038.45
2200,COD,0.0
2201,UPI,6611.09
2202,Net Banking,24372.19
2203,UPI,0.0
2204,UPI,2280.26
2205,Net Banking,9758.26
2206,COD,20716.46
2207,COD,7870.775000000001
2208,Net Banking,7698.715
2209,Card,0.0
2210,COD,12943.68
2211,COD,23233.58
2212,UPI,4575.25
2213,Net Banking,10526.925000000001
2214,UPI,15727.07
2215,COD,0.0
2216,Net Banking,18769.579999999998
2217,UPI,8944.185
2218,Card,0.0
2219,COD,0.0
2220,Net Banking,0.0
2221,COD,0.0
2222,Net Banking,0.0
2223,Card,15628.17
2224,Net Banking,5469.885
2225,Card,5370.285
2226,UPI,10100.63
2227,COD,26047.68
2228,UPI,0.0
2229,COD,5687.52
2230,COD,2597.02
2231,Net Banking,9888.825
2232,Card,0.0
2233,UPI,1980.85
2234,Net Banking,0.0
2235,COD,29058.940000000002
2236,UPI,0.0
2237,Net Banking,0.0
2238,Net Banking,1928.395
2239,UPI,23326.3
2240,COD,0.0
2241,COD,9748.99
2242,UPI,12801.279999999999
2243,Net Banking,7181.719999999999
2244,UPI,0.0
2245,COD,2259.84
2246,UPI,1362.1
2247,COD,4932.53
2248,Card,0.0
2249,Card,0.0
2250,Card,0.0
2251,Card,0.0
2252,Card,16393.29
2253,COD,10618.18
2254,Net Banking,2735.12
2255,Card,26185.82
2256,UPI,20651.96
2257,Net Banking,20245.55
2258,Card,5921.685
2259,COD,11130.05
2260,Card,3574.67
2261,Card,0.0
2262,Card,4607.76
2263,Net Banking,0.0
2264,UPI,16553.23
2265,Net Banking,10246.960000000001
2266,COD,0.0
2267,COD,9782.305
2268,Card,0.0
2269,Net Banking,11041.75
2270,Net Banking,10662.07
2271,Net Banking,13748.74
2272,Net Banking,0.0
2273,Card,10829.64
2274,Net Banking,12708.865
2275,COD,3050.54
2276,COD,3426.025
2277,Card,10856.07
2278,Net Banking,0.0
2279,Net Banking,3908.0
2280,Card,0.0
2281,COD,24506.14
2282,Card,9151.720000000001
2283,Net Banking,4389.435
2284,UPI,0.0
2285,Net Banking,4929.39
2286,Net Banking,5363.87
2287,UPI,3289.2650000000003
2288,Card,0.0
2289,COD,8760.555
2290,Card,0.0
2291,Card,12476.02
2292,UPI,0.0
2293,UPI,14836.73
2294,Net Banking,20493.52
2295,Card,8919.855
2296,Net Banking,9027.99
2297,Card,3767.655
2298,COD,0.0
2299,UPI,0.0
2300,COD,0.0
2301,COD,14848.099999999999
2302,Card,170.375
2303,Card,6663.175
2304,UPI,0.0
2305,Card,15152.93
2306,Net Banking,0.0
2307,Net Banking,0.0
2308,COD,0.0
2309,Net Banking,682.46
2310,UPI,0.0
2311,UPI,6958.165
2312,COD,0.0
2313,UPI,18354.56
2314,Net Banking,0.0
2315,Net Banking,3185.235
2316,Card,0.0
2317,Net Banking,9624.425000000001
2318,Card,4316.969999999999
2319,Net Banking,0.0
2320,UPI,15882.01
2321,Card,15719.539999999999
2322,UPI,6703.9400000000005
2323,Card,7448.28
2324,Card,0.0
2325,Card,4836.985000000001
2326,UPI,8125.139999999999
2327,UPI,0.0
2328,COD,0.0
2329,UPI,0.0
2330,UPI,10079.16
2331,Net Banking,8078.19
2332,Card,0.0
2333,COD,231.725
2334,Card,7966.34
2335,COD,22495.190000000002
2336,Net Banking,0.0
2337,COD,2404.1
2338,COD,15267.155
2339,Card,3082.83
2340,Card,0.0
2341,COD,0.0
2342,UPI,0.0
2343,UPI,4374.3099999999995
2344,COD,8680.62
2345,Card,14900.48
2346,Card,3805.03
2347,Card,0.0
2348,COD,17411.88
2349,COD,0.0
2350,Net Banking,0.0
2351,Card,1935.38
2352,UPI,0.0
2353,COD,0.0
2354,Net Banking,0.0
2355,UPI,0.0
2356,UPI,6638.34
2357,Net Banking,0.0
2358,Card,2648.68
2359,UPI,16918.55
2360,COD,893.175
2361,UPI,0.0
2362,Card,6792.515
2363,Card,17048.5
2364,UPI,0.0
2365,UPI,0.0
2366,UPI,15240.48
2367,UPI,3565.73
2368,UPI,2743.61
2369,UPI,0.0
2370,Card,12313.31
2371,Net Banking,14858.85
2372,UPI,6906.92
2373,COD,0.0
2374,COD,0.0
2375,COD,0.0
2376,Net Banking,0.0
2377,UPI,549.5
2378,UPI,6205.955
2379,Net Banking,16095.02
2380,UPI,7056.08
2381,Card,6614.59
2382,UPI,3213.87
2383,COD,0.0
2384,UPI,0.0
2385,COD,16093.76
2386,COD,0.0
2387,Net Banking,7710.065
2388,UPI,3237.36
2389,Card,14235.86
2390,COD,0.0
2391,Card,0.0
2392,Net Banking,9596.515
2393,UPI,0.0
2394,Card,3238.63
2395,Card,953.74
2396,Card,27810.46
2397,Card,0.0
2398,COD,17362.96
2399,COD,3965.83
2400,Card,0.0
2401,Card,3316.55
2402,COD,0.0
2403,COD,15326.4
2404,Net Banking,0.0
2405,COD,0.0
2406,COD,7811.615
2407,UPI,3742.5699999999997
2408,COD,0.0
2409,Card,18237.699999999997
2410,UPI,10612.77
2411,UPI,0.0
2412,Card,1698.79
2413,Net Banking,0.0
2414,Card,15845.885
2415,Net Banking,13989.305
2416,COD,0.0
2417,UPI,4925.27
2418,Net Banking,19635.48
2419,COD,7609.15
2420,Net Banking,0.0
2421,Net Banking,4187.09
2422,UPI,0.0
2423,UPI,6987.3949999999995
2424,Net Banking,0.0
2425,COD,10149.95
2426,UPI,4960.98
2427,Net Banking,2572.33
2428,COD,4281.34
2429,Net Banking,10393.375
2430,Card,7931.66
2431,Net Banking,2337.31
2432,Card,3500.6499999999996
2433,UPI,6656.8150000000005
2434,Card,7229.645
2435,COD,20831.87
2436,Net Banking,7950.870000000001
2437,COD,0.0
2438,Card,0.0
2439,COD,5128.4
2440,UPI,0.0
2441,Net Banking,0.0
2442,Net Banking,0.0
2443,Net Banking,2472.95
2444,Net Banking,0.0
2445,UPI,875.15
2446,Net Banking,9879.645
2447,COD,13978.970000000001
2448,UPI,14324.869999999999
2449,COD,12705.625
2450,Card,0.0
2451,UPI,16771.0
2452,Card,0.0
2453,Card,28817.32
2454,Net Banking,7249.47
2455,Net Banking,0.0
2456,Net Banking,13574.8
2457,COD,0.0
2458,UPI,8932.41
2459,COD,0.0
2460,COD,11337.07
2461,Card,6100.2
2462,Net Banking,21256.04
2463,UPI,12489.09
2464,UPI,7595.785
2465,Net Banking,3926.46
2466,COD,3721.89
2467,Net Banking,12730.27
2468,UPI,0.0
2469,COD,0.0
2470,Net Banking,20312.93
2471,Net Banking,0.0
2472,Net Banking,7622.22
2473,Net Banking,0.0
2474,COD,6945.129999999999
2475,UPI,20254.27
2476,COD,8583.135
2477,COD,29408.9
2478,Net Banking,6828.07
2479,UPI,0.0
2480,Card,0.0
2481,Net Banking,14459.14
2482,Net Banking,12907.11
2483,COD,8799.925
2484,Card,7584.32
2485,Net Banking,16158.2
2486,Card,0.0
2487,COD,0.0
2488,Card,13853.855
2489,COD,13149.09
2490,COD,3755.9
2491,COD,0.0
2492,COD,15496.720000000001
2493,Card,7104.860000000001
2494,COD,0.0
2495,Net Banking,7797.93
2496,Net Banking,15293.1
2497,Card,9016.369999999999
2498,UPI,3592.92
2499,Net Banking,8806.86
2500,COD,11328.689999999999
2501,UPI,20925.7
2502,Card,15431.960000000001
2503,Card,0.0
2504,Net Banking,9641.07
2505,COD,8265.865
2506,COD,885.305
2507,UPI,0.0
2508,UPI,0.0
2509,Net Banking,3801.88
2510,Card,3190.92
2511,Card,7680.5
2512,Card,536.32
2513,UPI,12486.79
2514,Net Banking,0.0
2515,Net Banking,0.0
2516,COD,6283.845
2517,COD,1856.8
2518,COD,10293.0
2519,COD,9271.245
2520,UPI,0.0
2521,UPI,11461.970000000001
2522,Net Banking,0.0
2523,Net Banking,17088.1
2524,UPI,0.0
2525,UPI,2341.855
2526,Net Banking,0.0
2527,Net Banking,6942.215
2528,Net Banking,0.0
2529,UPI,1078.89
2530,Card,354.72
2531,Card,20860.86
2532,Net Banking,8757.23
2533,Card,2095.0550000000003
2534,Card,0.0
2535,UPI,0.0
2536,COD,11471.74
2537,Card,9145.35
2538,Card,0.0
2539,Card,10892.545
2540,UPI,1374.19
2541,COD,3864.99
2542,UPI,986.18
2543,Card,0.0
2544,COD,2087.955
2545,UPI,0.0
2546,UPI,0.0
2547,Card,35031.81
2548,UPI,0.0
2549,UPI,3839.715
2550,Card,0.0
2551,COD,0.0
2552,UPI,0.0
2553,UPI,14320.39
2554,UPI,0.0
2555,Net Banking,15323.94
2556,UPI,6681.91
2557,Card,7067.08
2558,Card,1661.09
2559,COD,0.0
2560,UPI,4543.785
2561,Net Banking,4886.805
2562,Card,31656.530000000002
2563,Card,4673.3150000000005
2564,UPI,4737.34
2565,Net Banking,0.0
2566,Net Banking,0.0
2567,Card,3634.51
2568,Card,5536.96
2569,COD,10381.79
2570,COD,41160.07
2571,UPI,6193.23
2572,COD,5244.27
2573,UPI,7798.785
2574,COD,6583.465
2575,Net Banking,0.0
2576,COD,7458.91
2577,Net Banking,0.0
2578,Card,12395.11
2579,COD,0.0
2580,UPI,0.0
2581,UPI,0.0
2582,UPI,0.0
2583,UPI,0.0
2584,COD,0.0
2585,Net Banking,757.39
2586,COD,0.0
2587,UPI,17599.12
2588,Net Banking,0.0
2589,COD,12287.73
2590,Card,7823.265
2591,Net Banking,0.0
2592,Card,24435.47
2593,COD,0.0
2594,COD,14582.820000000002
2595,Card,0.0
2596,UPI,6923.34
2597,Card,12289.275
2598,Card,14148.17
2599,Card,20642.43
2600,COD,6234.87
2601,Card,0.0
2602,UPI,11303.54
2603,Net Banking,0.0
2604,UPI,8833.075
2605,Card,3385.6349999999998
2606,Net Banking,6012.225
2607,Card,24348.91
2608,UPI,0.0
2609,Net Banking,7505.925
2610,UPI,0.0
2611,COD,23118.23
2612,Card,8425.025
2613,UPI,13749.4
2614,Card,26919.730000000003
2615,Card,8271.48
2616,COD,0.0
2617,UPI,17776.56
2618,Net Banking,9285.01
2619,Card,8366.58
2620,Net Banking,0.0
2621,COD,3720.15
2622,Net Banking,10054.26
2623,COD,5826.485000000001
2624,UPI,0.0
2625,COD,19415.100000000002
2626,UPI,27324.62
2627,COD,22952.855
2628,UPI,0.0
2629,UPI,0.0
2630,Net Banking,0.0
2631,Card,5122.58
2632,Net Banking,18135.84
2633,Net Banking,6496.92
2634,COD,5559.085
2635,Card,0.0
2636,UPI,12325.7
2637,UPI,0.0
2638,COD,0.0
2639,Net Banking,0.0
2640,UPI,20199.81
2641,Card,4733.75
2642,COD,175.73
2643,Card,2041.54
2644,Net Banking,16088.02
2645,Net Banking,20312.46
2646,COD,2659.11
2647,COD,3767.89
2648,COD,2506.535
2649,Card,3510.11
2650,Card,11771.29
2651,UPI,0.0
2652,UPI,5124.52
2653,COD,658.095
2654,COD,17690.75
2655,UPI,0.0
2656,Net Banking,0.0
2657,Net Banking,9532.539999999999
2658,Net Banking,0.0
2659,UPI,18138.46
2660,COD,21787.27
2661,Card,0.0
2662,UPI,0.0
2663,Card,0.0
2664,COD,1820.3850000000002
2665,Net Banking,6465.92
2666,Net Banking,0.0
2667,Net Banking,0.0
2668,Net Banking,147.11
2669,Net Banking,25120.18
2670,UPI,0.0
2671,COD,0.0
2672,COD,0.0
2673,COD,0.0
2674,COD,0.0
2675,UPI,8131.259999999999
2676,Net Banking,7490.55
2677,Card,0.0
2678,Card,0.0
2679,COD,0.0
2680,COD,4815.215
2681,UPI,0.0
2682,Net Banking,0.0
2683,UPI,932.51
2684,Card,15716.2
2685,COD,1051.76
2686,UPI,0.0
2687,COD,10943.349999999999
2688,Net Banking,11112.05
2689,UPI,16427.81
2690,Card,5563.42
2691,Net Banking,11167.880000000001
2692,Net Banking,0.0
2693,Card,0.0
2694,Card,0.0
2695,COD,14951.244999999999
2696,UPI,0.0
2697,COD,0.0
2698,UPI,0.0
2699,UPI,0.0
2700,COD,9676.05
2701,COD,12080.005000000001
2702,Net Banking,13716.58
2703,COD,1685.26
2704,COD,4411.110000000001
2705,Card,12847.19
2706,UPI,5289.145
2707,COD,19361.67
2708,Card,0.0
2709,COD,0.0
2710,COD,7924.150000000001
2711,Net Banking,4318.3
2712,Net Banking,6264.46
2713,Net Banking,13645.01
2714,Net Banking,0.0
2715,Net Banking,2824.4049999999997
2716,UPI,8332.02
2717,Net Banking,23711.67
2718,UPI,0.0
2719,Card,0.0
2720,Net Banking,11478.08
2721,Net Banking,4654.77
2722,COD,9213.345000000001
2723,Net Banking,0.0
2724,Card,487.7
2725,Net Banking,6626.795
2726,Net Banking,0.0
2727,UPI,973.74
2728,Card,6910.09
2729,Net Banking,23323.07
2730,COD,30922.21
2731,COD,23517.230000000003
2732,Net Banking,0.0
2733,UPI,0.0
2734,UPI,1270.51
2735,Card,13691.380000000001
2736,COD,0.0
2737,Net Banking,20394.28
2738,UPI,0.0
2739,Net Banking,25392.8
2740,Net Banking,10576.635
2741,COD,4668.42
2742,COD,14992.060000000001
2743,COD,0.0
2744,UPI,0.0
2745,Net Banking,16101.470000000001
2746,UPI,8181.93
2747,Card,8023.2699999999995
2748,UPI,0.0
2749,UPI,11039.67
2750,COD,0.0
2751,UPI,9625.63
2752,UPI,5597.865000000001
2753,COD,3230.71
2754,COD,0.0
2755,COD,0.0
2756,UPI,0.0
2757,UPI,11895.49
2758,UPI,36256.4
2759,Card,8586.09
2760,UPI,0.0
2761,COD,2210.75
2762,UPI,22169.29
2763,Net Banking,0.0
2764,Net Banking,14936.494999999999
2765,Card,5277.18
2766,Net Banking,5659.969999999999
2767,UPI,6641.18
2768,Card,6078.435
2769,UPI,10350.755000000001
2770,Net Banking,10386.55
2771,UPI,17608.62
2772,COD,18392.25
2773,Net Banking,10352.880000000001
2774,Net Banking,0.0
2775,UPI,0.0
2776,UPI,292.12
2777,Card,0.0
2778,Card,15066.24
2779,Net Banking,24445.59
2780,UPI,2804.33
2781,Net Banking,12739.039999999999
2782,COD,9975.9
2783,Card,11931.82
2784,Net Banking,5668.13
2785,COD,22014.22
2786,Net Banking,22039.08
2787,COD,6896.77
2788,COD,0.0
2789,Net Banking,3995.59
2790,UPI,0.0
2791,Net Banking,0.0
2792,Net Banking,3158.93
2793,Net Banking,11676.89
2794,COD,6538.43
2795,Card,11105.565
2796,Card,11438.515
2797,Card,1917.3700000000001
2798,UPI,17699.5
2799,Card,4694.7
2800,Card,7194.375
2801,COD,27092.100000000002
2802,COD,18978.79
2803,Net Banking,0.0
2804,UPI,3162.63
2805,Net Banking,7603.8949999999995
2806,Card,0.0
2807,UPI,11641.81
2808,COD,12113.78
2809,Net Banking,0.0
2810,Card,23987.34
2811,Card,12174.91
2812,Net Banking,0.0
2813,UPI,0.0
2814,UPI,0.0
2815,Card,2678.3
2816,UPI,6618.9400000000005
2817,COD,430.265
2818,Card,0.0
2819,Card,3949.6400000000003
2820,Card,8130.07
2821,Net Banking,9490.32
2822,Net Banking,0.0
2823,COD,15622.510000000002
2824,Net Banking,479.25
2825,Card,0.0
2826,COD,0.0
2827,COD,2659.38
2828,UPI,2148.21
2829,UPI,0.0
2830,COD,6913.36
2831,Net Banking,4911.65
2832,COD,1730.93
2833,Net Banking,0.0
2834,Card,16793.3
2835,Net Banking,3589.68
2836,UPI,1245.47
2837,COD,6702.84
2838,Card,3016.28
2839,COD,8055.12
2840,Card,6574.6
2841,Net Banking,1356.855
2842,UPI,756.72
2843,Card,2357.835
2844,Net Banking,0.0
2845,Card,0.0
2846,UPI,0.0
2847,UPI,10354.94
2848,COD,3412.11
2849,UPI,5074.035
2850,COD,2643.65
2851,UPI,1842.08
2852,Net Banking,0.0
2853,Net Banking,0.0
2854,COD,0.0
2855,UPI,0.0
2856,Card,0.0
2857,UPI,117.15
2858,UPI,181.135
2859,Card,6218.42
2860,COD,0.0
2861,Card,27142.34
2862,COD,17075.28
2863,COD,0.0
2864,UPI,0.0
2865,Net Banking,8032.17
2866,Card,11369.73
2867,Card,2461.785
2868,Net Banking,11558.11
2869,Card,10976.970000000001
2870,Net Banking,3205.465
2871,COD,13243.955
2872,COD,3789.965
2873,Card,14428.92
2874,COD,1423.07
2875,COD,6560.085
2876,Net Banking,0.0
2877,COD,11749.29
2878,Card,0.0
2879,Net Banking,0.0
2880,COD,12697.15
2881,Card,5870.0650000000005
2882,UPI,5443.18
2883,Card,22134.23
2884,Card,7055.54
2885,Card,2941.51
2886,Card,0.0
2887,COD,13626.039999999999
2888,Net Banking,3945.815
2889,COD,30650.75
2890,UPI,16303.06
2891,Card,0.0
2892,Card,5661.795
2893,Card,3269.28
2894,UPI,18802.27
2895,COD,0.0
2896,Card,3348.135
2897,COD,22590.66
2898,UPI,14190.44
2899,Card,10066.05
2900,Net Banking,7042.785
2901,Net Banking,6622.47
2902,COD,13285.735
2903,Card,5705.650000000001
2904,UPI,0.0
2905,Card,0.0
2906,Card,4315.56
2907,COD,4705.375
2908,Net Banking,4369.945000000001
2909,COD,5496.75
2910,COD,4393.455
2911,Card,143.775
2912,UPI,7950.49
2913,UPI,0.0
2914,UPI,18869.17
2915,UPI,1245.96
2916,UPI,1335.61
2917,UPI,3893.1949999999997
2918,Card,11722.39
2919,Card,18226.81
2920,Card,0.0
2921,UPI,6345.445
2922,Net Banking,7363.435
2923,COD,2192.67
2924,UPI,0.0
2925,UPI,2336.38
2926,Net Banking,0.0
2927,Card,6197.889999999999
2928,COD,3534.57
2929,UPI,0.0
2930,Net Banking,14829.1
2931,Net Banking,17969.82
2932,COD,24493.84
2933,UPI,2004.82
2934,Card,8328.31
2935,COD,7686.654999999999
2936,UPI,25904.37
2937,Card,0.0
2938,COD,0.0
2939,Card,19126.87
2940,COD,3169.4500000000003
2941,UPI,11426.58
2942,UPI,11834.64
2943,UPI,0.0
2944,COD,0.0
2945,Net Banking,6998.925
2946,COD,0.0
2947,Net Banking,0.0
2948,COD,27376.66
2949,Net Banking,278.16
2950,Card,0.0
2951,Card,8380.485
2952,Card,14064.869999999999
2953,UPI,17299.190000000002
2954,Net Banking,5185.745
2955,Net Banking,2961.4
2956,UPI,14308.570000000002
2957,Net Banking,5605.67
2958,COD,0.0
2959,COD,3424.525
2960,Net Banking,9455.929999999998
2961,UPI,0.0
2962,Net Banking,0.0
2963,Net Banking,10639.4
2964,UPI,0.0
2965,Card,4043.6949999999997
2966,COD,6360.825000000001
2967,Card,11563.5
2968,Net Banking,6400.12
2969,COD,10181.93
2970,Net Banking,11981.86
2971,COD,6075.93
2972,Net Banking,19163.83
2973,Card,20042.43
2974,Net Banking,0.0
2975,Card,7366.17
2976,UPI,0.0
2977,Card,0.0
2978,Net Banking,12157.61
2979,Card,4311.87
2980,COD,12923.740000000002
2981,Net Banking,0.0
2982,Net Banking,8862.52
2983,Net Banking,4779.96
2984,UPI,4883.025
2985,Card,7939.81
2986,Net Banking,0.0
2987,UPI,0.0
2988,Card,17091.45
2989,Card,7540.34
2990,Net Banking,28915.65
2991,Net Banking,0.0
2992,COD,0.0
2993,Net Banking,22824.74
2994,UPI,11116.789999999999
2995,UPI,0.0
2996,Card,1842.08
2997,Net Banking,5701.65
2998,COD,4255.805
2999,COD,3161.86
3000,Net Banking,3078.19
3001,UPI,22500.899999999998
3002,Net Banking,0.0
3003,Net Banking,0.0
3004,Card,16909.96
3005,Card,2668.86
3006,UPI,21635.28
3007,Net Banking,1490.295
3008,Card,0.0
3009,UPI,8242.16
3010,UPI,4631.25
3011,UPI,0.0
3012,UPI,0.0
3013,UPI,1092.73
3014,Card,3973.4
3015,COD,5199.004999999999
3016,Card,15584.58
3017,UPI,0.0
3018,UPI,16311.59
3019,Net Banking,21783.309999999998
3020,COD,1685.245
3021,Card,30131.22
3022,Card,0.0
3023,Net Banking,2429.665
3024,Card,21610.57
3025,UPI,12067.2
3026,Net Banking,9338.68
3027,UPI,10185.955
3028,COD,11219.09
3029,UPI,0.0
3030,UPI,13644.27
3031,Card,7269.605
3032,Net Banking,6084.55
3033,UPI,7623.07
3034,UPI,0.0
3035,Card,1796.725
3036,Net Banking,0.0
3037,Card,0.0
3038,Card,0.0
3039,Net Banking,0.0
3040,Net Banking,12121.345
3041,COD,11638.32
3042,UPI,2736.7700000000004
3043,UPI,7912.84
3044,COD,4750.240000000001
3045,COD,11279.26
3046,COD,10206.44
3047,UPI,15224.265
3048,Net Banking,1753.2
3049,COD,0.0
3050,Card,15538.89
3051,COD,948.4300000000001
3052,COD,4406.48
3053,Card,13504.44
3054,UPI,0.0
3055,UPI,0.0
3056,Net Banking,9724.17
3057,Net Banking,13301.0
3058,Card,0.0
3059,COD,0.0
3060,Net Banking,7482.570000000001
3061,COD,0.0
3062,UPI,0.0
3063,Card,0.0
3064,Net Banking,10964.59
3065,Net Banking,18070.670000000002
3066,Net Banking,13378.025000000001
3067,Card,0.0
3068,COD,4865.41
3069,UPI,25265.49
3070,COD,4414.98
3071,UPI,32343.34
3072,Net Banking,0.0
3073,UPI,0.0
3074,Card,9030.3
3075,Net Banking,0.0
3076,Card,0.0
3077,Card,7493.43
3078,UPI,9500.064999999999
3079,COD,10945.56
3080,UPI,0.0
3081,COD,0.0
3082,COD,6205.2
3083,Net Banking,259.665
3084,Card,13377.064999999999
3085,COD,0.0
3086,UPI,9457.97
3087,Net Banking,0.0
3088,Card,30089.34
3089,Net Banking,11689.825
3090,UPI,1248.165
3091,Net Banking,5779.88
3092,COD,3812.625
3093,COD,9824.295
3094,Card,4821.53
3095,Net Banking,4223.485
3096,UPI,3295.625
3097,Card,27520.850000000002
3098,Card,6007.65
3099,Net Banking,0.0
3100,Card,3632.26
3101,Card,10239.0
3102,COD,5827.605
3103,Net Banking,4560.52
3104,Net Banking,7911.42
3105,COD,17744.295
3106,Card,0.0
3107,COD,3529.8900000000003
3108,UPI,0.0
3109,Card,9667.015000000001
3110,Net Banking,3650.92
3111,Card,8197.2
3112,Card,0.0
3113,Card,0.0
3114,Card,0.0
3115,UPI,0.0
3116,Net Banking,7461.46
3117,Card,7288.845
3118,UPI,0.0
3119,UPI,7074.514999999999
3120,Card,3952.255
3121,Net Banking,2637.285
3122,Card,1755.05
3123,UPI,10069.779999999999
3124,Card,0.0
3125,COD,4787.02
3126,COD,7677.6449999999995
3127,Card,0.0
3128,Card,3645.565
3129,Card,6952.0599999999995
3130,UPI,8740.12
3131,COD,2516.33
3132,COD,8452.3
3133,Card,3435.53
3134,Net Banking,6174.605
3135,UPI,3920.005
3136,Net Banking,5171.4
3137,UPI,8573.745
3138,Card,12320.04
3139,Card,14155.205
3140,Net Banking,4742.795
3141,Card,0.0
3142,COD,6860.0
3143,Net Banking,18113.12
3144,COD,0.0
3145,Card,23028.7
3146,UPI,2233.15
3147,UPI,0.0
3148,Card,16663.2
3149,COD,0.0
3150,Net Banking,27017.28
3151,Net Banking,10159.235
3152,Card,2413.93
3153,COD,7595.46
3154,Net Banking,16584.31
3155,Card,2746.855
3156,UPI,0.0
3157,COD,8431.89
3158,UPI,8834.82
3159,Card,10347.465
3160,UPI,9945.215
3161,UPI,0.0
3162,COD,3145.965
3163,COD,10463.359999999999
3164,Card,3071.26
3165,COD,4174.45
3166,Net Banking,29068.0
3167,Net Banking,29747.09
3168,COD,20320.13
3169,Net Banking,21025.82
3170,Card,0.0
3171,Card,10628.935000000001
3172,UPI,0.0
3173,Net Banking,13366.8
3174,UPI,9805.810000000001
3175,UPI,0.0
3176,Card,327.575
3177,UPI,27593.11
3178,Card,4401.14
3179,Card,10250.34
3180,Card,0.0
3181,UPI,0.0
3182,UPI,3192.09
3183,COD,0.0
3184,UPI,5449.52
3185,COD,6061.07
3186,COD,3731.4800000000005
3187,Net Banking,8905.01
3188,COD,0.0
3189,Card,4367.765
3190,UPI,0.0
3191,Card,22021.16
3192,Card,30953.06
3193,UPI,0.0
3194,Net Banking,5433.3150000000005
3195,Net Banking,11466.220000000001
3196,Net Banking,6972.12
3197,Card,0.0
3198,Card,646.495
3199,Net Banking,10105.195
3200,UPI,2218.96
3201,COD,11658.52
3202,Net Banking,16253.59
3203,UPI,12075.655
3204,UPI,0.0
3205,COD,0.0
3206,UPI,13358.7
3207,COD,0.0
3208,UPI,0.0
3209,Net Banking,12249.55
3210,COD,5981.2699999999995
3211,Net Banking,0.0
3212,UPI,12325.675
3213,COD,5976.0599999999995
3214,COD,0.0
3215,COD,17090.815
3216,COD,3168.2599999999998
3217,Net Banking,22935.34
3218,Card,0.0
3219,Card,5110.89
3220,COD,0.0
3221,Card,24846.920000000002
3222,Card,0.0
3223,COD,1661.09
3224,COD,13054.125
3225,UPI,0.0
3226,Net Banking,8265.97
3227,UPI,11803.94
3228,Net Banking,1950.06
3229,UPI,6687.235
3230,Card,0.0
3231,Card,0.0
3232,Card,10092.8
3233,Card,0.0
3234,Card,0.0
3235,Card,0.0
3236,UPI,0.0
3237,Card,3599.99
3238,COD,17805.35
3239,Card,12253.73
3240,UPI,17248.760000000002
3241,Net Banking,12444.21
3242,UPI,9062.365
3243,COD,8103.75
3244,Card,11490.740000000002
3245,Net Banking,1233.93
3246,Net Banking,8515.065
3247,Card,1228.74
3248,UPI,0.0
3249,UPI,10585.15
3250,COD,10501.72
3251,UPI,0.0
3252,COD,4657.38
3253,Card,0.0
3254,UPI,12604.95
3255,COD,0.0
3256,Card,0.0
3257,Card,29298.18
3258,COD,11978.745
3259,UPI,25324.850000000002
3260,COD,9392.744999999999
3261,Net Banking,526.74
3262,Net Banking,18436.54
3263,COD,8381.515
3264,Net Banking,6276.43
3265,Net Banking,16840.079999999998
3266,COD,6940.53
3267,Card,4855.825
3268,Card,4865.905
3269,Net Banking,13864.53
3270,Net Banking,9876.475
3271,COD,6176.985000000001
3272,Card,15251.34
3273,UPI,14508.98
3274,Card,7094.9349999999995
3275,Card,21212.79
3276,COD,13876.26
3277,Card,0.0
3278,UPI,0.0
3279,UPI,3945.815
3280,Card,1832.38
3281,COD,441.585
3282,COD,8848.1
3283,UPI,7411.08
3284,UPI,0.0
3285,Card,511.69
3286,Card,0.0
3287,COD,10117.220000000001
3288,COD,18592.85
3289,UPI,0.0
3290,COD,0.0
3291,Card,0.0
3292,Net Banking,23041.39
3293,Net Banking,5790.43
3294,UPI,11449.455
3295,Card,0.0
3296,UPI,2634.52
3297,COD,2371.785
3298,Net Banking,14245.525
3299,UPI,4011.84
3300,Card,3132.01
3301,Net Banking,6454.905
3302,Net Banking,2191.5
3303,UPI,509.58
3304,UPI,6511.92
3305,Net Banking,6710.225
3306,Net Banking,1107.58
3307,COD,0.0
3308,COD,3564.96
3309,Card,6956.860000000001
3310,UPI,0.0
3311,Card,0.0
3312,UPI,13074.6
3313,Net Banking,0.0
3314,Card,0.0
3315,UPI,0.0
3316,Card,1042.76
3317,Net Banking,0.0
3318,UPI,12963.97
3319,UPI,0.0
3320,Net Banking,2583.36
3321,UPI,2483.3650000000002
3322,Card,0.0
3323,Net Banking,0.0
3324,UPI,0.0
3325,Card,0.0
3326,UPI,18271.67
3327,Card,0.0
3328,COD,6741.25
3329,UPI,0.0
3330,Card,0.0
3331,UPI,0.0
3332,Card,11117.43
3333,Net Banking,1249.375
3334,Net Banking,6124.07
3335,COD,1828.1299999999999
3336,UPI,0.0
3337,Net Banking,11438.79
3338,COD,0.0
3339,COD,0.0
3340,Card,17142.03
3341,Card,0.0
3342,COD,13307.45
3343,UPI,0.0
3344,Card,0.0
3345,Net Banking,0.0
3346,UPI,37279.979999999996
3347,Net Banking,5186.469999999999
3348,Card,0.0
3349,COD,2629.93
3350,Net Banking,3332.34
3351,Card,2058.54
3352,Card,0.0
3353,Card,8641.89
3354,Net Banking,0.0
3355,COD,5767.52
3356,COD,16987.07
3357,Net Banking,0.0
3358,Net Banking,15670.065
3359,Card,0.0
3360,Net Banking,6305.715
3361,COD,0.0
3362,UPI,15846.18
3363,COD,0.0
3364,COD,0.0
3365,Card,0.0
3366,Card,7420.955
3367,COD,23332.059999999998
3368,Card,6973.42
3369,UPI,15306.06
3370,Card,5763.4400000000005
3371,UPI,0.0
3372,COD,11282.31
3373,Card,22272.69
3374,Net Banking,0.0
3375,UPI,13346.365
3376,Net Banking,12559.654999999999
3377,UPI,7386.889999999999
3378,COD,0.0
3379,Net Banking,6789.87
3380,COD,1166.87
3381,Net Banking,23626.61
3382,UPI,3797.58
3383,UPI,13496.215
3384,COD,5403.04
3385,Net Banking,11149.43
3386,UPI,3863.405
3387,Net Banking,0.0
3388,Net Banking,0.0
3389,UPI,19750.38
3390,UPI,8830.34
3391,UPI,0.0
3392,Card,5186.235
3393,Net Banking,5048.33
3394,COD,8360.345000000001
3395,Net Banking,4684.885
3396,COD,17416.565000000002
3397,UPI,12721.525
3398,Card,32075.4
3399,Card,14118.84
3400,COD,1962.945
3401,UPI,4946.725
3402,COD,0.0
3403,Card,14741.13
3404,UPI,0.0
3405,Card,15475.630000000001
3406,UPI,0.0
3407,Net Banking,17028.48
3408,Card,0.0
3409,UPI,17615.52
3410,COD,4246.98
3411,COD,15778.400000000001
3412,Card,22924.42
3413,Net Banking,6766.2
3414,UPI,22959.82
3415,UPI,1418.88
3416,Card,12166.99
3417,COD,8426.279999999999
3418,UPI,14878.54
3419,UPI,16667.53
3420,Card,4944.83
3421,Net Banking,6751.165
3422,Card,0.0
3423,Net Banking,0.0
3424,UPI,0.0
3425,Net Banking,0.0
3426,Net Banking,4198.485
3427,COD,15849.56
3428,Net Banking,4918.98
3429,COD,10574.095000000001
3430,Net Banking,10505.73
3431,Card,5301.205
3432,Card,0.0
3433,Net Banking,19574.72
3434,Net Banking,2159.15
3435,UPI,0.0
3436,UPI,0.0
3437,UPI,5536.965
3438,Net Banking,4544.98
3439,Net Banking,12512.890000000001
3440,UPI,33281.65
3441,COD,3445.865
3442,UPI,8798.37
3443,UPI,0.0
3444,UPI,15607.71
3445,UPI,2334.69
3446,COD,4485.34
3447,Card,0.0
3448,Card,0.0
3449,Net Banking,21255.0
3450,COD,0.0
3451,UPI,0.0
3452,UPI,20184.835
3453,UPI,0.0
3454,UPI,0.0
3455,UPI,9378.785
3456,Card,0.0
3457,Card,12391.08
3458,COD,11945.234999999999
3459,COD,14645.789999999999
3460,Card,0.0
3461,COD,1716.11
3462,Card,579.07
3463,UPI,0.0
3464,COD,8991.275000000001
3465,COD,10927.52
3466,Net Banking,8825.66
3467,COD,5502.53
3468,Card,0.0
3469,Net Banking,6338.095
3470,Card,16004.495
3471,COD,0.0
3472,COD,0.0
3473,UPI,20148.86
3474,Net Banking,346.72
3475,Card,9401.77
3476,UPI,2032.59
3477,COD,0.0
3478,UPI,0.0
3479,COD,8537.0
3480,COD,11500.064999999999
3481,Card,0.0
3482,COD,1760.35
3483,UPI,4663.21
3484,UPI,0.0
3485,COD,19163.55
3486,Card,2900.34
3487,Net Banking,8037.48
3488,Net Banking,4378.53
3489,Net Banking,0.0
3490,Card,0.0
3491,Net Banking,2563.57
3492,COD,0.0
3493,COD,0.0
3494,Card,2005.49
3495,UPI,0.0
3496,COD,4324.485000000001
3497,COD,7068.110000000001
3498,Net Banking,8865.49
3499,UPI,13977.36
3500,Net Banking,13379.18
3501,Net Banking,15883.150000000001
3502,UPI,7145.764999999999
3503,COD,3918.3950000000004
3504,Card,0.0
3505,Net Banking,0.0
3506,COD,0.0
3507,Net Banking,0.0
3508,Net Banking,5449.62
3509,Card,0.0
3510,UPI,16653.925
3511,COD,4385.8550000000005
3512,COD,12866.060000000001
3513,COD,1150.71
3514,Net Banking,10599.07
3515,Card,10425.94
3516,COD,27475.5
3517,COD,0.0
3518,COD,9417.32
3519,COD,6789.795
3520,UPI,6065.085
3521,UPI,0.0
3522,Net Banking,6816.5650000000005
3523,Card,0.0
3524,COD,0.0
3525,UPI,0.0
3526,Net Banking,8619.705
3527,COD,3759.46
3528,UPI,945.12
3529,COD,9266.48
3530,COD,0.0
3531,Card,0.0
3532,Card,9301.739999999998
3533,COD,5588.8
3534,COD,0.0
3535,COD,19974.48
3536,COD,3979.28
3537,COD,11348.185000000001
3538,UPI,0.0
3539,Net Banking,13000.810000000001
3540,UPI,13505.164999999999
3541,Net Banking,13314.435000000001
3542,Card,0.0
3543,Card,0.0
3544,Net Banking,0.0
3545,Card,4936.4400000000005
3546,Card,26821.399999999998
3547,Net Banking,11661.789999999999
3548,COD,10195.57
3549,Net Banking,1527.88
3550,COD,7797.575000000001
3551,Net Banking,0.0
3552,Net Banking,10123.055
3553,Net Banking,13297.71
3554,Net Banking,7188.115
3555,COD,12887.75
3556,Net Banking,4762.8150000000005
3557,Net Banking,5901.29
3558,Card,0.0
3559,COD,6991.65
3560,COD,2057.865
3561,UPI,7414.7699999999995
3562,COD,4975.075
3563,Net Banking,0.0
3564,Card,0.0
3565,Card,2553.19
3566,Card,0.0
3567,COD,2958.15
3568,UPI,8392.065
3569,COD,5602.624999999999
3570,UPI,0.0
3571,Card,9583.255
3572,Card,0.0
3573,Card,19406.129999999997
3574,COD,11406.01
3575,Card,5865.535
3576,Card,6516.77
3577,Net Banking,0.0
3578,Card,7102.54
3579,UPI,12630.17
3580,Net Banking,14088.33
3581,UPI,1672.06
3582,Card,0.0
3583,COD,6520.54
3584,COD,4621.44
3585,Net Banking,0.0
3586,COD,0.0
3587,COD,6286.674999999999
3588,UPI,11887.715
3589,UPI,1998.17
3590,COD,16394.46
3591,Card,6105.41
3592,Card,6559.79
3593,UPI,32575.78
3594,Net Banking,8662.994999999999
3595,UPI,23843.8
3596,COD,24726.29
3597,COD,0.0
3598,Net Banking,8382.125
3599,Card,9730.74
3600,Net Banking,0.0
3601,Net Banking,6191.025
3602,Card,6447.76
3603,COD,6116.68
3604,COD,7565.61
3605,Card,0.0
3606,Net Banking,8161.72
3607,COD,37120.92
3608,UPI,8483.945
3609,UPI,0.0
3610,COD,3919.465
3611,COD,6397.57
3612,UPI,21162.85
3613,Net Banking,8275.63
3614,COD,0.0
3615,UPI,6771.1
3616,COD,3153.62
3617,Card,0.0
3618,Net Banking,5426.155
3619,Card,8969.915
3620,Net Banking,4588.4
3621,COD,8063.83
3622,Card,0.0
3623,UPI,3542.52
3624,Net Banking,3328.75
3625,Card,12456.21
3626,Card,0.0
3627,Net Banking,9824.99
3628,Net Banking,12421.56
3629,Net Banking,8304.07
3630,Net Banking,4003.29
3631,Card,0.0
3632,Net Banking,14601.994999999999
3633,UPI,8674.865
3634,UPI,0.0
3635,Net Banking,0.0
3636,UPI,0.0
3637,UPI,3154.305
3638,UPI,0.0
3639,Card,9806.539999999999
3640,Net Banking,0.0
3641,COD,11290.92
3642,UPI,3469.3199999999997
3643,Card,0.0
3644,COD,5894.805
3645,COD,10527.835
3646,Net Banking,9982.95
3647,Net Banking,0.0
3648,UPI,7025.864999999999
3649,COD,4637.83
3650,COD,0.0
3651,Card,0.0
3652,Card,8542.345
3653,Net Banking,4967.76
3654,Card,867.98
3655,Card,1653.65
3656,UPI,0.0
3657,Card,0.0
3658,UPI,15419.27
3659,UPI,24754.350000000002
3660,Card,14381.49
3661,Card,0.0
3662,Net Banking,19776.22
3663,Net Banking,7821.62
3664,Net Banking,2777.045
3665,COD,21310.11
3666,Net Banking,0.0
3667,UPI,7651.33
3668,UPI,23302.59
3669,Net Banking,0.0
3670,Net Banking,10120.03
3671,Card,5144.95
3672,UPI,2844.0499999999997
3673,Card,0.0
3674,Card,24020.899999999998
3675,Card,0.0
3676,Card,2747.34
3677,COD,654.315
3678,UPI,0.0
3679,Card,4809.64
3680,Card,3044.025
3681,COD,3949.4
3682,Card,16812.36
3683,Net Banking,0.0
3684,COD,0.0
3685,COD,17681.91
3686,Card,18473.75
3687,COD,0.0
3688,COD,4096.950000000001
3689,UPI,0.0
3690,COD,6195.92
3691,UPI,0.0
3692,COD,4162.42
3693,Net Banking,0.0
3694,Card,18575.440000000002
3695,Card,0.0
3696,COD,6090.385
3697,Card,2880.63
3698,COD,0.0
3699,UPI,5912.26
3700,COD,5278.86
3701,Net Banking,4951.49
3702,UPI,0.0
3703,COD,8485.990000000002
3704,Card,30082.67
3705,UPI,0.0
3706,COD,12741.66
3707,UPI,15867.88
3708,Net Banking,20393.65
3709,UPI,0.0
3710,COD,18943.86
3711,COD,14426.375
3712,COD,3243.94
3713,COD,5623.02
3714,COD,9647.345
3715,COD,24348.09
3716,COD,0.0
3717,COD,0.0
3718,COD,0.0
3719,Net Banking,14317.915
3720,Card,3729.46
3721,Net Banking,17311.34
3722,UPI,14430.83
3723,Net Banking,21100.95
3724,Card,21432.35
3725,Card,0.0
3726,COD,0.0
3727,UPI,3064.46
3728,Card,12270.665
3729,Net Banking,5875.915000000001
3730,UPI,8743.555
3731,Card,27569.0
3732,UPI,27095.35
3733,Card,8965.835
3734,UPI,21404.61
3735,Card,0.0
3736,Card,0.0
3737,Net Banking,1712.5
3738,Card,0.0
3739,Net Banking,2164.765
3740,UPI,0.0
3741,COD,6687.445
3742,COD,11606.880000000001
3743,Card,16833.28
3744,Card,9973.035
3745,UPI,4029.85
3746,Net Banking,5580.714999999999
3747,Card,2010.3999999999999
3748,Card,10305.605
3749,COD,0.0
3750,UPI,4827.5650000000005
3751,Card,24819.53
3752,Net Banking,15056.050000000001
3753,UPI,7113.22
3754,UPI,0.0
3755,Net Banking,13097.895
3756,Card,1902.78
3757,Card,5839.955
3758,Card,0.0
3759,UPI,4123.49
3760,UPI,0.0
3761,COD,0.0
3762,Card,12918.61
3763,Net Banking,0.0
3764,UPI,18203.44
3765,Card,0.0
3766,COD,0.0
3767,Net Banking,0.0
3768,UPI,13706.735
3769,Card,11386.42
3770,UPI,0.0
3771,COD,0.0
3772,Card,8648.75
3773,COD,0.0
3774,Net Banking,1836.01
3775,Net Banking,2583.9300000000003
3776,Net Banking,6537.795
3777,UPI,5360.29
3778,UPI,3577.835
3779,Card,0.0
3780,Card,5227.54
3781,Net Banking,12725.74
3782,Net Banking,5235.98
3783,UPI,0.0
3784,Net Banking,0.0
3785,COD,0.0
3786,Net Banking,0.0
3787,Card,0.0
3788,COD,1768.6
3789,COD,33432.76
3790,COD,21695.77
3791,COD,0.0
3792,COD,11442.58
3793,UPI,0.0
3794,Card,9295.130000000001
3795,UPI,21502.78
3796,Net Banking,0.0
3797,UPI,2307.78
3798,COD,0.0
3799,Card,0.0
3800,Card,0.0
3801,Net Banking,9086.05
3802,COD,8422.14
3803,Card,0.0
3804,Card,0.0
3805,Card,0.0
3806,Card,9016.26
3807,UPI,9516.36
3808,Net Banking,0.0
3809,Net Banking,0.0
3810,UPI,0.0
3811,Net Banking,5103.76
3812,Card,0.0
3813,Card,13591.98
3814,Card,7184.485000000001
3815,COD,17488.48
3816,UPI,0.0
3817,UPI,14391.8
3818,Card,41140.4
3819,Net Banking,3123.385
3820,UPI,12234.96
3821,Net Banking,16191.37
3822,COD,0.0
3823,Card,11798.755000000001
3824,Card,0.0
3825,COD,5899.05
3826,Net Banking,8820.210000000001
3827,Card,12734.29
3828,Net Banking,0.0
3829,Card,0.0
3830,Net Banking,10174.255000000001
3831,Card,0.0
3832,COD,4786.82
3833,COD,7955.98
3834,UPI,0.0
3835,COD,0.0
3836,Card,0.0
3837,Net Banking,0.0
3838,COD,0.0
3839,UPI,0.0
3840,Card,13845.509999999998
3841,Card,10722.855
3842,COD,0.0
3843,UPI,20872.06
3844,UPI,0.0
3845,COD,10668.5
3846,COD,13994.140000000001
3847,UPI,2242.09
3848,Card,11272.02
3849,UPI,33327.270000000004
3850,Card,5657.1449999999995
3851,Net Banking,0.0
3852,Card,0.0
3853,COD,4094.76
3854,COD,8889.465
3855,Net Banking,0.0
3856,Net Banking,0.0
3857,Card,0.0
3858,Card,3890.5699999999997
3859,UPI,832.13
3860,Net Banking,23229.06
3861,COD,0.0
3862,Card,6954.014999999999
3863,Card,0.0
3864,Card,4099.235
3865,UPI,4866.96
3866,COD,0.0
3867,UPI,15978.305
3868,Card,0.0
3869,UPI,0.0
3870,COD,24675.82
3871,Net Banking,0.0
3872,Net Banking,24740.15
3873,Net Banking,0.0
3874,Card,13557.11
3875,UPI,19108.98
3876,Card,10751.56
3877,Card,11360.779999999999
3878,COD,0.0
3879,Net Banking,8304.23
3880,Net Banking,0.0
3881,UPI,13112.165
3882,Card,6062.425
3883,Card,0.0
3884,UPI,0.0
3885,Card,3266.7
3886,UPI,25823.58
3887,Net Banking,10210.685000000001
3888,Card,0.0
3889,Net Banking,269.58
3890,UPI,0.0
3891,Net Banking,11808.570000000002
3892,COD,0.0
3893,Card,0.0
3894,Net Banking,0.0
3895,COD,17253.565
3896,Net Banking,1674.61
3897,Card,16054.83
3898,UPI,6204.05
3899,UPI,1064.22
3900,COD,8029.71
3901,Card,18223.53
3902,Card,3225.63
3903,UPI,0.0
3904,COD,0.0
3905,UPI,12109.7
3906,COD,7996.91
3907,Net Banking,364.9
3908,COD,1099.485
3909,COD,6777.285
3910,COD,10306.59
3911,Net Banking,0.0
3912,COD,0.0
3913,Card,0.0
3914,COD,0.0
3915,UPI,19061.84
3916,COD,13433.07
3917,Card,22932.989999999998
3918,UPI,18470.11
3919,UPI,2225.23
3920,Card,10160.93
3921,UPI,0.0
3922,COD,6621.7
3923,UPI,16223.67
3924,COD,6614.23
3925,COD,0.0
3926,Net Banking,4572.925
3927,UPI,0.0
3928,UPI,15871.050000000001
3929,COD,9372.085
3930,UPI,17057.1
3931,Net Banking,0.0
3932,UPI,0.0
3933,UPI,2085.335
3934,Net Banking,3405.44
3935,UPI,3609.745
3936,Net Banking,3687.96
3937,UPI,9210.45
3938,Card,0.0
3939,UPI,16469.72
3940,UPI,1196.905
3941,UPI,13148.279999999999
3942,Card,26465.22
3943,COD,9813.03
3944,UPI,0.0
3945,Card,1388.965
3946,Net Banking,0.0
3947,Net Banking,884.3
3948,Net Banking,0.0
3949,Net Banking,1778.3
3950,Card,0.0
3951,COD,5840.3550000000005
3952,COD,11492.16
3953,COD,0.0
3954,COD,9661.835000000001
3955,COD,6349.22
3956,Card,13789.61
3957,Card,8717.615000000002
3958,COD,0.0
3959,COD,0.0
3960,UPI,17562.61
3961,Net Banking,7788.53
3962,COD,3732.91
3963,Card,13166.165
3964,COD,9850.36
3965,COD,0.0
3966,Card,0.0
3967,COD,10416.855
3968,UPI,1712.935
3969,COD,0.0
3970,UPI,0.0
3971,Net Banking,3194.15
3972,COD,0.0
3973,COD,3021.48
3974,Net Banking,493.09
3975,UPI,11884.105
3976,Net Banking,2148.21
3977,Net Banking,1431.595
3978,UPI,9051.310000000001
3979,UPI,8786.79
3980,COD,9061.26
3981,Net Banking,7943.825
3982,Card,0.0
3983,UPI,14203.83
3984,Card,10178.414999999999
3985,COD,193.35
3986,COD,28069.93
3987,UPI,0.0
3988,Net Banking,1294.545
3989,UPI,0.0
3990,Card,3503.75
3991,COD,0.0
3992,COD,3153.375
3993,COD,11060.145
3994,Net Banking,7967.3550000000005
3995,UPI,0.0
3996,Net Banking,0.0
3997,COD,18360.22
3998,Card,3855.545
3999,Card,0.0
4000,Net Banking,5481.88
4001,Card,8480.43
4002,UPI,494.75
4003,COD,15443.59
4004,Card,0.0
4005,Card,0.0
4006,Card,13640.630000000001
4007,COD,6401.345
4008,Card,0.0
4009,Net Banking,6473.34
4010,Card,21602.55
4011,UPI,14311.8
4012,COD,3018.975
4013,UPI,21163.96
4014,COD,0.0
4015,COD,0.0
4016,COD,1171.365
4017,Card,5931.345
4018,COD,4958.28
4019,Card,0.0
4020,COD,5182.175
4021,UPI,21591.43
4022,Net Banking,8886.49
4023,UPI,2131.685
4024,Net Banking,16337.14
4025,UPI,11110.44
4026,COD,7667.955
4027,Net Banking,0.0
4028,Net Banking,7411.200000000001
4029,Net Banking,10318.82
4030,UPI,1334.645
4031,Card,5639.18
4032,Net Banking,0.0
4033,Net Banking,0.0
4034,Card,29260.829999999998
4035,Card,23515.32
4036,COD,35621.27
4037,Card,3540.7
4038,Net Banking,33660.22
4039,COD,1039.315
4040,Card,18022.68
4041,COD,15822.96
4042,COD,0.0
4043,Net Banking,0.0
4044,Net Banking,13010.089999999998
4045,COD,7468.275
4046,Card,0.0
4047,Net Banking,0.0
4048,UPI,0.0
4049,UPI,0.0
4050,Net Banking,10421.33
4051,Net Banking,0.0
4052,COD,2463.81
4053,UPI,0.0
4054,COD,0.0
4055,COD,872.705
4056,Net Banking,4399.895
4057,UPI,7447.3
4058,UPI,0.0
4059,COD,10314.65
4060,Net Banking,0.0
4061,Card,2149.12
4062,Net Banking,27608.75
4063,COD,4763.95
4064,UPI,0.0
4065,UPI,2356.095
4066,Net Banking,646.45
4067,Net Banking,24870.98
4068,UPI,9940.56
4069,Card,688.4449999999999
4070,COD,0.0
4071,COD,4007.65
4072,COD,0.0
4073,COD,6413.605
4074,UPI,7240.105
4075,COD,18981.010000000002
4076,UPI,0.0
4077,Net Banking,0.0
4078,Card,7084.39
4079,Net Banking,0.0
4080,UPI,0.0
4081,COD,26220.579999999998
4082,UPI,0.0
4083,Card,0.0
4084,UPI,7373.15
4085,Net Banking,29637.05
4086,UPI,0.0
4087,UPI,2224.7799999999997
4088,Net Banking,4955.17
4089,COD,0.0
4090,Card,12125.245
4091,COD,1643.625
4092,Card,15222.35
4093,COD,7412.72
4094,UPI,7305.5
4095,UPI,7586.68
4096,Card,0.0
4097,COD,11594.835
4098,UPI,10528.99
4099,UPI,0.0
4100,Net Banking,21579.96
4101,COD,11794.35
4102,Net Banking,0.0
4103,Card,6289.12
4104,Net Banking,0.0
4105,Card,0.0
4106,UPI,22278.64
4107,UPI,4628.665
4108,COD,1873.94
4109,UPI,0.0
4110,Card,0.0
4111,Net Banking,0.0
4112,Card,9692.35
4113,Net Banking,0.0
4114,UPI,16294.720000000001
4115,Net Banking,7779.5199999999995
4116,Net Banking,5889.69
4117,Card,4022.63
4118,Net Banking,2533.62
4119,Net Banking,4633.65
4120,Net Banking,22117.0
4121,UPI,7032.02
4122,Card,0.0
4123,UPI,11636.585
4124,UPI,0.0
4125,Card,0.0
4126,COD,0.0
4127,Card,9592.410000000002
4128,COD,0.0
4129,Card,0.0
4130,Card,0.0
4131,Card,24543.399999999998
4132,UPI,20538.27
4133,Card,19261.6
4134,Net Banking,0.0
4135,Card,7382.91
4136,COD,0.0
4137,Card,0.0
4138,COD,7033.915
4139,Net Banking,850.355
4140,COD,6713.5
4141,Net Banking,7252.435
4142,Net Banking,0.0
4143,Net Banking,16040.46
4144,Net Banking,0.0
4145,UPI,5119.85
4146,COD,6052.955
4147,Net Banking,0.0
4148,Card,17840.78
4149,Card,3100.61
4150,Card,39001.490000000005
4151,Card,0.0
4152,COD,6959.764999999999
4153,Net Banking,10759.244999999999
4154,Net Banking,0.0
4155,Card,0.0
4156,COD,8363.119999999999
4157,Net Banking,0.0
4158,COD,7709.73
4159,Card,11362.35
4160,UPI,161.58
4161,UPI,0.0
4162,Net Banking,12621.47
4163,COD,874.3050000000001
4164,Card,16922.98
4165,Net Banking,19716.17
4166,UPI,0.0
4167,UPI,7655.535
4168,UPI,0.0
4169,Net Banking,13365.14
4170,COD,4748.84
4171,Net Banking,5709.459999999999
4172,Card,12994.66
4173,Card,6013.98
4174,UPI,13165.83
4175,COD,16274.650000000001
4176,Net Banking,41447.03
4177,COD,3789.685
4178,Card,13339.689999999999
4179,Net Banking,6951.62
4180,COD,19072.34
4181,Card,2344.01
4182,Card,1564.14
4183,Net Banking,12201.765
4184,COD,4092.48
4185,Card,5850.18
4186,COD,10988.955
4187,COD,0.0
4188,COD,18195.26
4189,UPI,0.0
4190,Net Banking,12282.225
4191,Net Banking,4595.24
4192,Net Banking,707.015
4193,COD,0.0
4194,COD,26155.329999999998
4195,Net Banking,19565.8
4196,Card,8883.0
4197,Card,0.0
4198,Net Banking,2825.25
4199,Net Banking,0.0
4200,Net Banking,0.0
4201,UPI,1537.79
4202,Net Banking,4095.88
4203,COD,0.0
4204,Net Banking,5723.86
4205,Net Banking,10554.205
4206,COD,11418.64
4207,UPI,19166.71
4208,Card,0.0
4209,Card,8992.55
4210,Card,3957.8950000000004
4211,Net Banking,2376.175
4212,Card,4420.32
4213,Net Banking,18972.510000000002
4214,UPI,0.0
4215,Net Banking,278.16
4216,UPI,0.0
4217,UPI,0.0
4218,Net Banking,6875.110000000001
4219,Card,3519.57
4220,COD,6430.765
4221,Net Banking,11408.75
4222,UPI,0.0
4223,COD,0.0
4224,Net Banking,7673.82
4225,Net Banking,11170.69
4226,Net Banking,2004.075
4227,Card,7166.32
4228,UPI,0.0
4229,UPI,0.0
4230,Card,3612.14
4231,Net Banking,7296.219999999999
4232,COD,9571.06
4233,COD,0.0
4234,COD,22226.79
4235,Net Banking,10091.31
4236,COD,0.0
4237,COD,9325.885
4238,Net Banking,0.0
4239,UPI,26263.86
4240,Net Banking,3904.1299999999997
4241,UPI,0.0
4242,Card,9156.655
4243,Net Banking,5388.62
4244,COD,0.0
4245,Net Banking,7834.2
4246,COD,0.0
4247,UPI,11215.79
4248,UPI,1329.895
4249,COD,0.0
4250,Card,19725.760000000002
4251,UPI,16982.41
4252,COD,13634.05
4253,Card,15036.865
4254,COD,9702.565
4255,Net Banking,31194.72
4256,COD,0.0
4257,UPI,25401.53
4258,COD,4369.05
4259,COD,1414.025
4260,Net Banking,0.0
4261,Net Banking,15836.755
4262,Net Banking,12493.935000000001
4263,UPI,0.0
4264,UPI,0.0
4265,UPI,0.0
4266,UPI,7614.79
4267,Net Banking,0.0
4268,UPI,1226.165
4269,COD,27661.6
4270,COD,1864.045
4271,Card,1775.3650000000002
4272,Card,9792.39
4273,Net Banking,13412.015
4274,Card,3424.645
4275,COD,10217.15
4276,Net Banking,0.0
4277,Net Banking,10215.955
4278,Card,32677.53
4279,Net Banking,10425.94
4280,Net Banking,5879.195
4281,COD,1382.33
4282,COD,21884.89
4283,COD,30246.0
4284,UPI,13252.130000000001
4285,Net Banking,0.0
4286,COD,14697.77
4287,Net Banking,2287.575
4288,Card,0.0
4289,Card,3974.21
4290,Card,0.0
4291,Net Banking,20694.550000000003
4292,UPI,0.0
4293,UPI,2903.07
4294,Net Banking,12858.960000000001
4295,UPI,1129.585
4296,Net Banking,0.0
4297,COD,6117.25
4298,UPI,11168.005
4299,UPI,1825.825
4300,Net Banking,3686.21
4301,COD,637.78
4302,Card,25332.56
4303,COD,0.0
4304,UPI,0.0
4305,UPI,9025.16
4306,Net Banking,25164.0
4307,COD,16754.91
4308,UPI,923.615
4309,Net Banking,4412.28
4310,UPI,6911.49
4311,COD,0.0
4312,Card,0.0
4313,Net Banking,0.0
4314,COD,11825.39
4315,Net Banking,16613.63
4316,UPI,9058.22
4317,UPI,0.0
4318,COD,0.0
4319,Card,6699.46
4320,Net Banking,0.0
4321,Card,5170.4
4322,Net Banking,3592.92
4323,Card,10351.164999999999
4324,COD,13752.630000000001
4325,COD,3571.26
4326,UPI,0.0
4327,Net Banking,0.0
4328,UPI,33060.45
4329,Net Banking,7618.535
4330,COD,0.0
4331,Net Banking,0.0
4332,COD,0.0
4333,Card,1500.93
4334,COD,5374.110000000001
4335,Net Banking,1417.03
4336,UPI,0.0
4337,Net Banking,1184.865
4338,Card,870.45
4339,Card,21683.08
4340,Card,0.0
4341,UPI,0.0
4342,COD,0.0
4343,Card,23703.13
4344,Card,13699.24
4345,COD,0.0
4346,UPI,6088.799999999999
4347,Card,3677.55
4348,Card,7223.469999999999
4349,Net Banking,26890.78
4350,UPI,19143.190000000002
4351,Net Banking,0.0
4352,UPI,11701.885
4353,Net Banking,22932.510000000002
4354,Net Banking,0.0
4355,Card,3521.38
4356,Net Banking,0.0
4357,Card,0.0
4358,Card,0.0
4359,Net Banking,2959.835
4360,Card,16844.08
4361,Card,18642.260000000002
4362,Net Banking,20989.68
4363,Card,10186.35
4364,COD,17330.57
4365,UPI,21998.440000000002
4366,Net Banking,19584.8
4367,COD,25863.51
4368,Card,2356.71
4369,Net Banking,0.0
4370,UPI,10836.05
4371,Card,8072.33
4372,UPI,12220.51
4373,Net Banking,7621.16
4374,Card,5766.12
4375,Net Banking,835.08
4376,UPI,3556.235
4377,Net Banking,6640.62
4378,COD,0.0
4379,Card,0.0
4380,Net Banking,0.0
4381,COD,3238.42
4382,UPI,6485.54
4383,Net Banking,12028.28
4384,UPI,0.0
4385,Card,7339.205
4386,Net Banking,0.0
4387,Card,0.0
4388,Card,0.0
4389,Card,11084.515
4390,UPI,0.0
4391,UPI,0.0
4392,COD,10992.44
4393,COD,18740.78
4394,Card,8588.73
4395,Net Banking,3729.56
4396,UPI,28877.050000000003
4397,Net Banking,0.0
4398,COD,12164.0
4399,UPI,23538.05
4400,Card,2157.78
4401,Card,0.0
4402,UPI,30128.93
4403,Net Banking,0.0
4404,UPI,0.0
4405,Net Banking,0.0
4406,Net Banking,0.0
4407,Net Banking,2798.3450000000003
4408,Card,15550.76
4409,COD,0.0
4410,Net Banking,27041.6
4411,Net Banking,0.0
4412,UPI,30157.239999999998
4413,UPI,0.0
4414,Net Banking,0.0
4415,Net Banking,6041.6849999999995
4416,Net Banking,10533.11
4417,Net Banking,0.0
4418,COD,894.4
4419,COD,9207.28
4420,COD,5718.435
4421,UPI,3967.56
4422,Card,0.0
4423,Net Banking,1490.33
4424,Net Banking,0.0
4425,Card,9909.63
4426,Card,5046.025
4427,COD,8813.88
4428,COD,30522.27
4429,Card,6828.375
4430,COD,1106.82
4431,COD,8002.389999999999
4432,UPI,7677.115
4433,COD,7616.849999999999
4434,Card,8982.675
4435,COD,0.0
4436,Card,12013.17
4437,UPI,7932.210000000001
4438,UPI,6320.345
4439,UPI,9883.895
4440,UPI,5597.58
4441,Card,0.0
4442,Card,0.0
4443,Net Banking,0.0
4444,UPI,18367.17
4445,Card,0.0
4446,Net Banking,7839.905000000001
4447,Card,1216.28
4448,UPI,18781.52
4449,Card,6773.66
4450,UPI,0.0
4451,Card,13728.65
4452,COD,5265.16
4453,Net Banking,8153.514999999999
4454,UPI,0.0
4455,Net Banking,0.0
4456,COD,7715.985
4457,Card,5942.615
4458,UPI,0.0
4459,Card,0.0
4460,Card,14050.09
4461,UPI,9013.785
4462,Net Banking,0.0
4463,Card,956.15
4464,Net Banking,0.0
4465,UPI,14969.830000000002
4466,Card,12907.475
4467,Net Banking,0.0
4468,COD,5910.64
4469,UPI,0.0
4470,UPI,6755.41
4471,COD,0.0
4472,Card,0.0
4473,UPI,0.0
4474,Net Banking,12170.804999999998
4475,Card,0.0
4476,Card,5436.879999999999
4477,Net Banking,5096.2300000000005
4478,Card,17558.98
4479,Net Banking,0.0
4480,Card,14741.225
4481,Card,0.0
4482,Net Banking,0.0
4483,Net Banking,3205.465
4484,UPI,11861.67
4485,Net Banking,0.0
4486,COD,1002.285
4487,UPI,3397.58
4488,Card,0.0
4489,COD,1741.93
4490,COD,4970.965
4491,COD,3219.35
4492,Card,0.0
4493,Net Banking,0.0
4494,Net Banking,4421.435
4495,Card,0.0
4496,Card,0.0
4497,Card,26818.09
4498,Net Banking,4670.265
4499,Net Banking,0.0
4500,Net Banking,5759.855
4501,UPI,10365.535
4502,Net Banking,10477.380000000001
4503,COD,12355.335
4504,UPI,8299.289999999999
4505,Card,9831.27
4506,Card,35849.28
4507,Card,1970.11
4508,Net Banking,13872.045
4509,COD,0.0
4510,UPI,1411.68
4511,Net Banking,3063.7299999999996
4512,Net Banking,0.0
4513,UPI,17055.58
4514,COD,0.0
4515,Card,7500.75
4516,COD,0.0
4517,UPI,0.0
4518,Card,12438.869999999999
4519,COD,8132.860000000001
4520,Card,0.0
4521,COD,7085.42
4522,Card,8307.84
4523,Net Banking,4491.27
4524,Card,0.0
4525,Net Banking,10897.86
4526,COD,0.0
4527,UPI,0.0
4528,UPI,2658.25
4529,UPI,2506.51
4530,COD,363.93
4531,UPI,22919.449999999997
4532,UPI,9688.03
4533,COD,0.0
4534,COD,4207.16
4535,UPI,17319.54
4536,Card,8686.965
4537,Card,8780.535
4538,Net Banking,9955.45
4539,Card,23655.775
4540,COD,7368.84
4541,Card,0.0
4542,COD,0.0
4543,COD,0.0
4544,UPI,26121.57
4545,Net Banking,14856.255
4546,Net Banking,10198.65
4547,Net Banking,0.0
4548,UPI,0.0
4549,UPI,1188.765
4550,Net Banking,35356.83
4551,Net Banking,0.0
4552,Card,4502.85
4553,COD,0.0
4554,COD,22746.170000000002
4555,Card,11693.58
4556,UPI,0.0
4557,UPI,0.0
4558,Net Banking,0.0
4559,Net Banking,3900.65
4560,Net Banking,286.43
4561,UPI,23904.84
4562,UPI,1950.845
4563,Net Banking,3672.645
4564,COD,12477.08
4565,Card,2107.8900000000003
4566,UPI,0.0
4567,Card,0.0
4568,COD,0.0
4569,Net Banking,26781.09
4570,UPI,14151.73
4571,UPI,0.0
4572,UPI,3251.4100000000003
4573,Net Banking,25484.14
4574,Net Banking,0.0
4575,COD,4974.685
4576,UPI,14065.1
4577,Card,21170.96
4578,COD,6229.995
4579,COD,0.0
4580,UPI,0.0
4581,UPI,4557.844999999999
4582,Net Banking,0.0
4583,Card,0.0
4584,Card,1157.47
4585,COD,0.0
4586,Net Banking,0.0
4587,COD,0.0
4588,Net Banking,10164.515
4589,Net Banking,6419.7699999999995
4590,UPI,0.0
4591,Net Banking,0.0
4592,UPI,4172.31
4593,COD,6393.525
4594,Net Banking,5817.16
4595,COD,23400.08
4596,COD,10472.87
4597,UPI,0.0
4598,COD,5650.719999999999
4599,Net Banking,21474.11
4600,COD,6903.3
4601,Net Banking,8076.0650000000005
4602,Net Banking,0.0
4603,COD,6327.629999999999
4604,UPI,0.0
4605,Card,0.0
4606,UPI,740.8449999999999
4607,UPI,18094.25
4608,COD,397.425
4609,UPI,0.0
4610,COD,2544.8
4611,Net Banking,0.0
4612,Net Banking,2261.18
4613,Card,17690.79
4614,Net Banking,0.0
4615,COD,12666.69
4616,Card,0.0
4617,UPI,2716.5699999999997
4618,UPI,0.0
4619,UPI,9671.17
4620,Card,1641.1
4621,Card,6418.74
4622,Card,1637.63
4623,UPI,0.0
4624,UPI,1128.265
4625,UPI,0.0
4626,Card,3952.33
4627,COD,0.0
4628,UPI,0.0
4629,Net Banking,3022.86
4630,COD,2313.64
4631,Card,16249.69
4632,Card,10771.77
4633,Card,2877.06
4634,COD,16544.395
4635,Card,9558.85
4636,UPI,2436.3
4637,Net Banking,19693.690000000002
4638,COD,0.0
4639,UPI,3498.99
4640,COD,28714.5
4641,Card,39118.89
4642,Net Banking,0.0
4643,Net Banking,0.0
4644,Net Banking,6796.14
4645,COD,0.0
4646,Net Banking,0.0
4647,COD,27775.62
4648,Net Banking,10959.76
4649,COD,32675.0
4650,Net Banking,0.0
4651,UPI,4723.64
4652,Net Banking,9125.09
4653,Card,8272.73
4654,UPI,3516.01
4655,UPI,0.0
4656,Card,0.0
4657,Net Banking,6891.87
4658,Card,541.89
4659,COD,13237.285
4660,UPI,6387.8150000000005
4661,Card,23006.79
4662,UPI,6855.275000000001
4663,UPI,6613.41
4664,Card,0.0
4665,Net Banking,11289.92
4666,UPI,21769.050000000003
4667,UPI,3146.275
4668,UPI,11971.18
4669,COD,0.0
4670,Net Banking,11419.73
4671,COD,4954.75
4672,COD,9014.41
4673,UPI,7352.200000000001
4674,Net Banking,8859.91
4675,COD,0.0
4676,Net Banking,6375.639999999999
4677,Net Banking,3983.695
4678,UPI,0.0
4679,Net Banking,2724.78
4680,COD,21869.86
4681,COD,0.0
4682,Net Banking,7179.335
4683,COD,0.0
4684,COD,6992.61
4685,COD,16411.370000000003
4686,COD,5998.295
4687,UPI,7462.1
4688,Card,4796.335
4689,Card,0.0
4690,Net Banking,0.0
4691,UPI,0.0
4692,Net Banking,6844.15
4693,Net Banking,0.0
4694,COD,0.0
4695,UPI,16376.14
4696,Net Banking,23956.28
4697,UPI,18218.37
4698,UPI,0.0
4699,COD,12147.32
4700,UPI,7803.629999999999
4701,UPI,19243.5
4702,Card,17439.63
4703,UPI,0.0
4704,Card,19576.7
4705,UPI,5585.56
4706,UPI,7533.9
4707,COD,7959.24
4708,COD,9416.885
4709,UPI,18825.769999999997
4710,UPI,11145.965
4711,Net Banking,7052.34
4712,Net Banking,1682.775
4713,UPI,16158.91
4714,Net Banking,26228.34
4715,Net Banking,14429.09
4716,UPI,0.0
4717,UPI,4359.7699999999995
4718,COD,0.0
4719,Card,0.0
4720,UPI,0.0
4721,Card,0.0
4722,COD,0.0
4723,COD,0.0
4724,COD,0.0
4725,Net Banking,0.0
4726,COD,2176.7
4727,COD,30400.440000000002
4728,UPI,4846.07
4729,Card,9344.34
4730,Card,3754.0600000000004
4731,Net Banking,0.0
4732,Card,1222.67
4733,COD,0.0
4734,Card,0.0
4735,COD,6116.09
4736,UPI,8794.51
4737,Card,18551.260000000002
4738,Net Banking,2369.195
4739,COD,4566.035
4740,UPI,31154.91
4741,UPI,31085.809999999998
4742,Net Banking,1839.22
4743,COD,905.04
4744,COD,6750.635
4745,UPI,0.0
4746,UPI,6158.43
4747,Card,15084.2
4748,Net Banking,15547.83
4749,UPI,29557.45
4750,Card,0.0
4751,UPI,10068.21
4752,COD,2462.635
4753,UPI,10882.970000000001
4754,Net Banking,0.0
4755,COD,5179.715
4756,UPI,5192.78
4757,COD,0.0
4758,Card,13113.029999999999
4759,COD,0.0
4760,Card,5492.705
4761,Card,6312.34
4762,UPI,0.0
4763,Card,3743.34
4764,Net Banking,0.0
4765,Card,0.0
4766,Card,5637.0650000000005
4767,UPI,2336.395
4768,Net Banking,0.0
4769,Card,9887.525
4770,UPI,13622.41
4771,Card,12868.240000000002
4772,Card,0.0
4773,Card,0.0
4774,Net Banking,0.0
4775,Card,12225.73
4776,COD,14610.24
4777,UPI,4698.72
4778,Net Banking,0.0
4779,Net Banking,0.0
4780,Net Banking,6341.8
4781,Net Banking,0.0
4782,Card,0.0
4783,UPI,12139.07
4784,UPI,12497.06
4785,UPI,0.0
4786,UPI,9681.28
4787,Card,0.0
4788,COD,25741.75
4789,UPI,15370.37
4790,COD,0.0
4791,Card,0.0
4792,UPI,0.0
4793,Net Banking,13069.390000000001
4794,Net Banking,3843.19
4795,COD,13632.099999999999
4796,COD,967.69
4797,COD,12896.62
4798,Net Banking,0.0
4799,UPI,7330.485
4800,Card,0.0
4801,Card,0.0
4802,Net Banking,0.0
4803,Card,4251.095
4804,COD,0.0
4805,UPI,12403.82
4806,COD,0.0
4807,Card,0.0
4808,UPI,0.0
4809,Card,17711.199999999997
4810,Net Banking,13981.029999999999
4811,COD,27847.13
4812,Net Banking,0.0
4813,Net Banking,10194.6
4814,UPI,6971.705
4815,Card,1168.49
4816,COD,1633.48
4817,UPI,12079.535
4818,UPI,0.0
4819,COD,5069.8099999999995
4820,COD,12961.23
4821,Net Banking,6787.41
4822,COD,5671.06
4823,UPI,12492.779999999999
4824,Card,20361.63
4825,COD,1454.62
4826,Net Banking,4229.9
4827,Net Banking,3214.2799999999997
4828,COD,12153.255000000001
4829,Net Banking,0.0
4830,UPI,22655.19
4831,COD,12080.21
4832,COD,6331.585
4833,Card,4603.05
4834,Card,16018.0
4835,Card,5044.59
4836,UPI,4421.5
4837,Net Banking,4820.805
4838,COD,7349.32
4839,Net Banking,9337.83
4840,Net Banking,0.0
4841,Card,0.0
4842,COD,10944.29
4843,Net Banking,0.0
4844,Net Banking,23637.38
4845,Card,1039.995
4846,Net Banking,18415.06
4847,Card,0.0
4848,Card,4053.91
4849,Card,9585.35
4850,Net Banking,0.0
4851,COD,0.0
4852,UPI,24497.43
4853,Card,9196.12
4854,Card,11172.48
4855,Card,5938.985
4856,UPI,13350.05
4857,Card,0.0
4858,COD,11620.47
4859,UPI,0.0
4860,UPI,0.0
4861,UPI,0.0
4862,Card,0.0
4863,COD,14421.92
4864,Net Banking,0.0
4865,UPI,20193.07
4866,Net Banking,850.355
4867,COD,0.0
4868,Net Banking,0.0
4869,Card,19014.190000000002
4870,Net Banking,14397.66
4871,Card,6616.625
4872,Card,0.0
4873,COD,5104.885
4874,Card,11092.44
4875,UPI,7664.92
4876,Net Banking,13135.725
4877,Card,11288.015
4878,Card,0.0
4879,COD,0.0
4880,Card,0.0
4881,UPI,4810.6900000000005
4882,UPI,30563.699999999997
4883,UPI,0.0
4884,COD,0.0
4885,Net Banking,17115.525
4886,COD,6570.2
4887,Card,5910.895
4888,UPI,0.0
4889,Net Banking,0.0
4890,Net Banking,6970.54
4891,COD,4433.52
4892,Card,0.0
4893,UPI,0.0
4894,UPI,14974.89
4895,COD,0.0
4896,Net Banking,178.32
4897,Card,11991.16
4898,Card,25762.43
4899,COD,12238.145
4900,COD,10738.220000000001
4901,Net Banking,0.0
4902,COD,27424.51
4903,COD,0.0
4904,Card,10227.22
4905,UPI,13619.57
4906,Net Banking,0.0
4907,UPI,0.0
4908,Net Banking,15773.0
4909,Net Banking,0.0
4910,Card,15515.310000000001
4911,Card,0.0
4912,UPI,21706.739999999998
4913,UPI,15690.310000000001
4914,Net Banking,6405.585
4915,COD,4298.94
4916,COD,0.0
4917,COD,5229.475
4918,UPI,16775.1
4919,UPI,13089.87
4920,UPI,11820.65
4921,Net Banking,14119.189999999999
4922,COD,0.0
4923,Card,15315.21
4924,Net Banking,7481.84
4925,Net Banking,710.495
4926,Card,9258.630000000001
4927,UPI,1915.05
4928,Card,0.0
4929,COD,0.0
4930,Net Banking,8753.14
4931,COD,0.0
4932,COD,4924.68
4933,Card,3581.35
4934,Card,23805.379999999997
4935,Net Banking,0.0
4936,COD,28741.52
4937,Card,5042.38
4938,UPI,0.0
4939,UPI,0.0
4940,COD,0.0
4941,Net Banking,20718.32
4942,Card,3114.225
4943,Net Banking,14371.279999999999
4944,Card,0.0
4945,Card,13066.68
4946,Card,6317.245
4947,UPI,27833.010000000002
4948,UPI,0.0
4949,COD,0.0
4950,Card,0.0
4951,COD,0.0
4952,Card,22214.27
4953,Net Banking,3223.88
4954,UPI,2815.27
4955,COD,0.0
4956,Card,0.0
4957,UPI,0.0
4958,COD,6836.84
4959,UPI,0.0
4960,UPI,4824.610000000001
4961,UPI,4342.22
4962,COD,11040.035
4963,COD,0.0
4964,Card,1052.58
4965,COD,0.0
4966,COD,0.0
4967,Net Banking,11199.720000000001
4968,Card,0.0
4969,Card,18387.32
4970,Net Banking,35023.83
4971,Net Banking,6622.93
4972,Card,0.0
4973,Card,20858.63
4974,Net Banking,0.0
4975,Net Banking,2606.015
4976,Card,7178.8150000000005
4977,Card,0.0
4978,UPI,6029.34
4979,UPI,0.0
4980,UPI,12680.720000000001
4981,Card,2376.64
4982,UPI,0.0
4983,COD,0.0
4984,UPI,0.0
4985,COD,0.0
4986,COD,19284.300000000003
4987,COD,0.0
4988,COD,11195.57
4989,COD,7291.035
4990,COD,11631.92
4991,Card,38787.0
4992,Net Banking,3748.16
4993,COD,8860.11
4994,COD,0.0
4995,UPI,30837.65
4996,UPI,0.0
4997,Card,369.995
4998,COD,492.785
4999,COD,16147.449999999999
5000,Card,10137.01
